registration,type,manufacturer,year_built,serial,mtom,reg_date,category
LN-ABA,RV-6,"Berge, Jan Milton",2004,24921,726.00,02.06.2005,Fly
LN-ABC,RV-8,"Kobro, Terje",2002,81104,816.00,17.10.2006,Fly
LN-ABD,Super Emeraude CP-328,Claude Piel,2005,1,701.00,24.03.2006,Fly
LN-ABE,U206G,Textron Aviation Inc.,1978,U206-04218,1633.00,21.06.2002,Fly
LN-ABL,RV-6A,Håkon Haugen,2008,60471,748.00,15.05.2008,Fly
LN-ABM,Europa XS,Europa Aircraft,2005,381,657.70,25.01.2012,Fly
LN-ABO,185A,Textron Aviation Inc.,1962,185-0439,1451.00,01.12.2003,Fly
LN-ABQ,FR172F,Reims Aviation S.A.,1968,F172-0086,1134.00,27.02.2023,Fly
LN-ABS,RV-4,"Van`s Aircraft, inc.",1994,1416,680.00,22.12.1995,Fly
LN-ABY,Osprey GP-4,"Lie, Tore Jostein",2013,0033,909.00,05.02.2010,Fly
LN-ABZ,DA 50 C,Diamond Aircraft Industries GmbH,2022,50.C.A.A.020,1999.00,10.11.2023,Fly
LN-ACA,FR172K,Reims Aviation S.A.,1977,FR172-00614,1157.00,30.06.2004,Fly
LN-ACB,Aero Composites Sea Hawker,"Prytz, Kjell",1990,210,725.00,18.11.1994,Fly
LN-ACF,PA-19,"Piper Aircraft, Inc.",1953,18-3232,680.00,09.06.1992,Fly
LN-ACG,PA-19,"Piper Aircraft, Inc.",1953,18-3237,680.00,09.06.1992,Fly
LN-ACH,PA-19,"Piper Aircraft, Inc.",1953,18-3238,680.00,09.06.1992,Fly
LN-ACI,PA-19,"Piper Aircraft, Inc.",1953,18-3239,680.00,09.06.1992,Fly
LN-ACJ,PA-19,"Piper Aircraft, Inc.",1953,18-3241,680.00,09.06.1992,Fly
LN-ACK,PA-19,"Piper Aircraft, Inc.",1953,18-3244,680.00,09.06.1992,Fly
LN-ACL,PA-19,"Piper Aircraft, Inc.",1953,18-3248,680.00,09.06.1992,Fly
LN-ACM,F182Q,Reims Aviation S.A.,1980,F182-0141,1338.00,10.05.2005,Fly
LN-ACN,Extra 230,Extra Flugzeugproduktions- und Vertriebs GmbH,1984,L30-004,599.00,20.04.1995,Fly
LN-ACO,PA-28RT-201T,"Piper Aircraft, Inc.",1982,28R-8231048,1315.00,22.10.2021,Fly
LN-ACP,P210N,Textron Aviation Inc.,1979,P210-00207,1814.00,27.09.2004,Fly
LN-ACQ,MFI 9 Junior,Malmö Flygindustri,1967,55,575.00,21.09.2004,Fly
LN-ACR,M20K,Mooney Aircraft Corporation,1985,25-0875,1315.00,22.08.2005,Fly
LN-ACS,PA-28-140,"Piper Aircraft, Inc.",1969,28-26160,975.00,11.11.2004,Fly
LN-ACZ,U206G,Textron Aviation Inc.,1977,U206-03724,1633.00,04.05.2005,Fly
LN-ADA,182T,Textron Aviation Inc.,2007,18281930,1406.00,05.08.2022,Fly
LN-ADC,DH-82A,DeHavilland Aircraft Co. LTD,1935,3318,828.00,29.04.2013,Fly
LN-AEC,PA-28-180,"Piper Aircraft, Inc.",1972,28-7205275,1090.00,20.09.1972,Fly
LN-AED,172N,Textron Aviation Inc.,1977,172-68157,1043.00,28.01.1993,Fly
LN-AEH,PA-18-150,"Piper Aircraft, Inc.",1966,18-8472,794.00,31.01.1967,Fly
LN-AEK,PA-18-150,"Piper Aircraft, Inc.",1967,18-8531,794.00,23.06.1967,Fly
LN-AER,PA-18-150,"Piper Aircraft, Inc.",1964,18-8150,794.00,26.06.1964,Fly
LN-AEW,MX-7-180C,"Maule Aerospace Technology, Inc.",1986,11025C,1134.00,25.10.1991,Fly
LN-AGM,172S,Textron Aviation Inc.,2004,172S9674,1157.00,19.08.2004,Fly
LN-AGT,172S,Textron Aviation Inc.,2006,172S10123,1157.00,04.04.2006,Fly
LN-AGW,172S,Textron Aviation Inc.,2005,172S9793,1157.00,04.06.2012,Fly
LN-AHN,Pitts S-2A,"Aerotek , Inc.",1971,2006,714.00,11.12.2008,Fly
LN-AIA,YAK-52,Aerostar SA,1994,9411809,1305.00,26.05.2015,Fly
LN-AKC,RV-7,"Van`s Aircraft, inc.",2014,72397,839.00,17.09.2013,Fly
LN-AKG,T206H,Textron Aviation Inc.,2002,T20608346,1633.00,07.10.2010,Fly
LN-AKH,RV-4,"Holteng, Arne Kristian",1996,2751,680.00,20.08.1997,Fly
LN-AKT,LONG-EZ,"Prytz, Kjell",1985,1043,602.00,21.05.1987,Fly
LN-ALB,F172 N,Reims Aviation S.A.,1977,F172-1566,1043.00,25.05.1977,Fly
LN-ALE,F172 M,Textron Aviation Inc.,1975,F172-1385,1043.00,15.07.1977,Fly
LN-ALG,F172 N,Reims Aviation S.A.,1977,F172-1668,1043.00,12.08.2021,Fly
LN-ALI,PA-34-200T,"Piper Aircraft, Inc.",1979,34-7970259,1999.00,28.09.1988,Fly
LN-ALK,F177RG,Reims Aviation S.A.,1976,F177-0149,1270.00,25.11.1977,Fly
LN-ALM,8KCAB,Bellanca Aircraft Company,1979,553-79,816.00,12.07.1990,Fly
LN-ALR,F177RG,Reims Aviation S.A.,1977,F177-0170,1270.00,08.06.1978,Fly
LN-ALT,PA-28-181,"Piper Aircraft, Inc.",1979,28-7990435,1157.00,20.06.1980,Fly
LN-ALU,F172P,Reims Aviation S.A.,1981,F172-2103,1089.00,01.07.1981,Fly
LN-AOA,Spitfire IX,Vickers-Armstrongs Ltd.,1943,6S-223772,3742.00,09.05.2016,Fly
LN-ARS,DynAero MCR-01,Dyn'Aéro,2004,286,490.00,05.03.2012,Fly
LN-ARX,B200GT,Textron Aviation Inc.,2023,BY-443,5670.00,29.04.2025,Fly
LN-ASA,F172 M,Textron Aviation Inc.,1974,F172-1107,1043.00,08.03.1974,Fly
LN-ASB,F172 M,Textron Aviation Inc.,1974,F172-1151,1043.00,25.07.1974,Fly
LN-ASD,182P,Textron Aviation Inc.,1974,182-63104,1338.00,11.09.1974,Fly
LN-ASE,Glasair III,Stoddard-Hamilton Aircraft Inc.,2004,3100,1089.00,04.04.2022,Fly
LN-ASF,F172 M,Textron Aviation Inc.,1974,F172-1083,1043.00,11.09.1974,Fly
LN-ASH,F172 M,Textron Aviation Inc.,1974,F172-1240,1043.00,26.05.1975,Fly
LN-ASO,180B,Textron Aviation Inc.,1959,180-50534,1202.00,17.04.1975,Fly
LN-ASP,F172 M,Textron Aviation Inc.,1976,F172-1466,1043.00,27.07.1976,Fly
LN-ASR,U206F,Textron Aviation Inc.,1976,U206-03141,1633.00,23.07.1976,Fly
LN-ASW,A185F,Textron Aviation Inc.,1979,185-03906,1520.00,18.12.1987,Fly
LN-ASY,F172N,Reims Aviation S.A.,1977,F172-1591,1089.00,06.05.1977,Fly
LN-ATF,LONG-EZ,"Fjeld, Anders Torstein",1989,1567,602.00,24.07.1991,Fly
LN-ATU,182P,Textron Aviation Inc.,1973,182-61436,1338.00,25.01.2010,Fly
LN-AUD,Lancair 320,Leif Furuheim,2002,485-320-227,807.00,17.12.2002,Fly
LN-AVA,B200,Textron Aviation Inc.,1981,BB-909,5670.00,10.03.2022,Fly
LN-AWB,Learjet 45,Learjet Inc.,2002,45-219,9752.00,03.08.2018,Fly
LN-AZA,172S,Textron Aviation Inc.,2018,172S12182,1157.00,23.10.2018,Fly
LN-AZB,172S,Textron Aviation Inc.,2018,172S12187,1157.00,23.10.2018,Fly
LN-AZC,172S,Textron Aviation Inc.,2018,172S12212,1157.00,08.07.2019,Fly
LN-AZD,172S,Textron Aviation Inc.,2019,172S12216,1157.00,08.07.2019,Fly
LN-AZE,172S,Textron Aviation Inc.,2019,172S12244,1157.00,12.06.2019,Fly
LN-AZF,172S,Textron Aviation Inc.,2019,172S12245,1157.00,11.06.2019,Fly
LN-BAK,F172 M,Cessna Aircraft Company,1976,F17201426,1043.00,17.04.2024,Fly
LN-BBL,PA-20-135,"Piper Aircraft, Inc.",1954,20-1078,884.00,12.11.2021,Fly
LN-BBS,8GCBC,Bellanca Aircraft Corporation,1976,228-76,975.00,16.11.2020,Fly
LN-BBU,PA-28-140,"Piper Aircraft, Inc.",1965,28-21094,975.00,14.11.1997,Fly
LN-BDE,FA200-160,Fuji Heavy Industries Ltd.,1973,FA-200-220,1060.00,03.07.2013,Fly
LN-BDL,172P,Textron Aviation Inc.,1980,172-74491,1089.00,02.11.1990,Fly
LN-BDM,DH-82A,DeHavilland Aircraft Co. LTD,1941,DE-248,828.00,15.11.1977,Fly
LN-BDO,170B,Textron Aviation Inc.,1956,170-27048,998.00,01.08.1973,Fly
LN-BDZ,PA-28-140,"Piper Aircraft, Inc.",1969,28-25644,975.00,12.10.1970,Fly
LN-BEC,172B,Textron Aviation Inc.,1961,172-48398,998.00,08.07.2005,Fly
LN-BED,M-5-180C,"Maule Aerospace Technology, Inc.",1985,8061C,1043.00,15.03.1989,Fly
LN-BEH,F150L,Textron Aviation Inc.,1971,F150-0707,726.00,18.06.1971,Fly
LN-BEL,150F,Textron Aviation Inc.,1965,61903,726.00,18.10.2007,Fly
LN-BEM,525C,Textron Aviation Inc.,2018,525C0269,7760.00,14.11.2022,Fly
LN-BER,Carbon Cub,CubCrafters,2015,CCK 1865-0063,846.00,12.02.2015,Fly
LN-BET,PA-32-260,"Piper Aircraft, Inc.",1971,32-7100016,1542.00,05.07.1971,Fly
LN-BFD,PA-18-150,"Piper Aircraft, Inc.",1961,18-7663,794.00,23.06.1975,Fly
LN-BFK,PA-28-140,"Piper Aircraft, Inc.",1973,28-7325139,975.00,06.07.1973,Fly
LN-BFS,Auster V,Taylorcraft Aeroplanes (England) Limited,1945,1788,839.00,26.08.1999,Fly
LN-BFT,L-4J,"Piper Aircraft, Inc.",1944,12641,531.00,14.03.1967,Fly
LN-BFV,Auster V J.1,Auster Aircraft Ltd.,1946,2005,839.00,07.06.1994,Fly
LN-BGA,PA-28-180,"Piper Aircraft, Inc.",1973,28-7305525,1112.00,18.09.1973,Fly
LN-BGB,U206F,Cessna Aircraft Company,1972,U206-01757,1633.00,07.08.1972,Fly
LN-BGG,172K,Textron Aviation Inc.,1969,172-58781,1043.00,15.08.1973,Fly
LN-BGH,172K,Textron Aviation Inc.,1969,172-57409,1043.00,21.09.1973,Fly
LN-BGK,Acro Sport I,"Lundstrøm, Håvard",2008,001,612.00,17.10.1996,Fly
LN-BGM,F172 M,Textron Aviation Inc.,1973,F172-1070,1043.00,21.02.1974,Fly
LN-BGO,A185F,Textron Aviation Inc.,1974,185-02437,1520.00,15.05.1975,Fly
LN-BGQ,PA-28-161,"Piper Aircraft, Inc.",1981,28-8116219,1055.00,28.08.1981,Fly
LN-BGR,150D,Textron Aviation Inc.,1964,150-60457,726.00,01.03.1974,Fly
LN-BGT,PA-28-151,"Piper Aircraft, Inc.",1974,28-7515208,1055.00,05.06.1975,Fly
LN-BGZ,PA-28RT-201,"Piper Aircraft, Inc.",1979,28R-7918251,1247.00,07.08.1995,Fly
LN-BIF,M62A,Fairchild Hiller Corporation,1944,T43-7228,1270.00,01.08.2002,Fly
LN-BIH,172B,Textron Aviation Inc.,1960,172-48149,998.00,21.08.1963,Fly
LN-BII,91B,SAAB-Scania AB,1954,91-284,1165.00,15.09.1983,Fly
LN-BIK,180H,Textron Aviation Inc.,1969,180-52105,1270.00,12.05.1970,Fly
LN-BIV,MFI-15-200A,SAAB-Scania AB,1976,15.801,1200.00,02.02.1977,Fly
LN-BLU,182P,Textron Aviation Inc.,1975,182-64129,1338.00,26.08.2009,Fly
LN-BMJ,EA 300/S,Extra Flugzeugproduktions- und Vertriebs GmbH,1994,22,820.00,11.12.2020,Fly
LN-BMU,F-51D,North American Aviation Inc.,1944,44-10753,5216.00,25.01.2022,Fly
LN-BNS,L-40 META SOKOL,Orlican Works,1958,150713,950.00,29.04.1996,Fly
LN-BOG,PC-12/47E,Pilatus Aircraft,2014,1486,4740.00,23.01.2024,Fly
LN-BSA,B200GT,Textron Aviation Inc.,2018,BY-311,5670.00,31.08.2018,Fly
LN-BSB,B200GT,Textron Aviation Inc.,2018,BY-312,5670.00,30.10.2018,Fly
LN-BSC,B200GT,Textron Aviation Inc.,2018,BY-324,5670.00,04.12.2018,Fly
LN-BSD,B200GT,Textron Aviation Inc.,2018,BY-325,5670.00,04.12.2018,Fly
LN-BSE,B200GT,Textron Aviation Inc.,2019,BY-329,5670.00,24.01.2019,Fly
LN-BSF,B200GT,Textron Aviation Inc.,2019,BY-330,5670.00,25.02.2019,Fly
LN-BSG,B200GT,Textron Aviation Inc.,2019,BY-332,5670.00,06.02.2019,Fly
LN-BSH,B200GT,Textron Aviation Inc.,2019,BY-333,5670.00,06.03.2019,Fly
LN-BSI,B200GT,Textron Aviation Inc.,2019,BY-334,5670.00,21.03.2019,Fly
LN-BSJ,B200GT,Textron Aviation Inc.,2019,BY-335,5670.00,03.04.2019,Fly
LN-BSP,Spitfire Mk. XVI,Vickers Supermarine Ltd.,1945,CBAF.IX4644,4309.00,25.01.2022,Fly
LN-BTA,Cessna FA 150 K,Textron Aviation Inc.,1970,0018,726.00,08.03.2019,Fly
LN-BWH,180H,Cessna Aircraft Company,1968,180-51995,1270.00,27.06.1969,Fly
LN-BWK,LUSCOMBE 8F SILVAIR,"Ebbesen, Reidar",1960,S-75,635.00,09.10.2015,Fly
LN-BWZ,FR172 J,Textron Aviation Inc.,1973,FR172-0374,1157.00,14.05.1973,Fly
LN-BAA,B200,Textron Aviation Inc.,1989,BB-1327,5670.00,04.10.2006,Fly
LN-CAD,C-80,Cameron Balloons LTD,2002,10309,726.00,20.01.2003,Ballong
LN-CAI,BB30Z,Balony Kubicek spol. s r.o,2008,582,945.00,19.05.2008,Ballong
LN-CBD,O-42,Cameron Balloons LTD,1975,183,381.00,25.05.1983,Ballong
LN-CBG,CAMERON V-77,Cameron Balloons LTD,1988,1694,703.00,27.04.1988,Ballong
LN-CBI,CAMERON V-77,Cameron Balloons LTD,1985,3635,703.00,20.11.1995,Ballong
LN-CBW,M-65,Ultramagic S.A,2011,65/186,638.00,24.08.2011,Ballong
LN-CBX,O-77,Cameron Balloons LTD,1986,1277,703.00,05.01.1996,Ballong
LN-CLB,BB34Z,Balony Kubicek spol. s r.o,0,652,1040.00,27.02.2009,Ballong
LN-CNL,N-90,Cameron Balloons LTD,1989,1927,816.00,20.03.2020,Ballong
LN-COM,V-90,Cameron Balloons LTD,1997,4096,816.00,19.08.2009,Ballong
LN-CPE,Z-120,Cameron Balloons LTD,2009,11319,1088.00,31.08.2009,Ballong
LN-CRB,BB26M,Kubíček Factory s.r.o.,2024,2309,730.00,22.07.2024,Ballong
LN-CSB,Ultramagic F-09,Ultramagic S.A,2014,09/02,770.00,13.03.2014,Ballong
LN-CST,M-120,Ultramagic S.A,2003,120/04,1173.00,08.03.2011,Ballong
LN-CTH,BB30Z,Balony Kubicek spol. s r.o,2010,773,945.00,25.06.2010,Ballong
LN-DAG,F172 M,Textron Aviation Inc.,1974,F172-1219,1043.00,20.06.1975,Fly
LN-DAH,F172 M,Textron Aviation Inc.,1976,F172-1471,1043.00,13.07.1978,Fly
LN-DAP,MFI 9 Junior,Malmö Flygindustri,1965,036,575.00,17.02.1976,Fly
LN-DAY,F172 N,Reims Aviation S.A.,1977,F172-1608,1157.00,26.07.1977,Fly
LN-DBA,172S,Textron Aviation Inc.,2005,172S10042,1157.00,30.05.2013,Fly
LN-DBR,172D,Textron Aviation Inc.,1963,172-50165,1009.00,15.02.1990,Fly
LN-DBU,172C,Textron Aviation Inc.,1962,172-49398,1020.00,14.09.1962,Fly
LN-DBY,182N,Cessna Aircraft Company,1969,182-60103,1338.00,17.04.1970,Fly
LN-DES,RV-8,"Van`s Aircraft, inc.",2015,81969,816.00,24.09.2015,Fly
LN-DFM,172S,Textron Aviation Inc.,2006,172S 10422,1157.00,31.01.2007,Fly
LN-DHC,DHC-1,De Havilland Aircraft of Canada Limited,1950,WB586,876.00,16.10.1996,Fly
LN-DHY,DH 100 Vampire Mk.6,Federal Aircraft Factory,1952,705,5620.00,30.05.2013,Fly
LN-DHZ,DH 115 Mk55,Federal Aircraft Factory,1959,990,5699.00,23.04.2007,Fly
LN-DPS,Canadair T-33,Canadair,1959,133599,7620.00,07.01.2015,Fly
LN-DRF,Dragonfly Mk2,"Lensebakken, Torvid",1991,594,544.00,05.07.1994,Fly
LN-DUE,Backcountry Boss,Backcountry Super Cub LLC.,2016,BC31407008,1179.00,15.08.2018,Fly
LN-DYM,737-8JP,The Boeing Company,2011,39005,78999.00,21.10.2021,Fly
LN-DYR,737-8JP,The Boeing Company,2011,40870,78999.00,23.06.2021,Fly
LN-DYT,737-8JP,The Boeing Company,2011,39048,78999.00,08.12.2021,Fly
LN-DYU,737-8JP,The Boeing Company,2011,39008,78999.00,16.12.2021,Fly
LN-DYX,737-8JP,The Boeing Company,2012,39011,78999.00,21.06.2021,Fly
LN-DYY,737-8JP,The Boeing Company,2012,39012,78999.00,24.06.2021,Fly
LN-EAP,Cassutt-III M,Spickes Ben J Jr.,1996,001-1533,408.00,07.10.2020,Fly
LN-ECM,PA-46-600TP,"Piper Aircraft, Inc.",2017,4698051,2722.00,20.05.2021,Fly
LN-EDB,182S,Textron Aviation Inc.,1999,18280529,1406.00,14.02.2012,Fly
LN-EFA,T206H,Textron Aviation Inc.,2006,T20608616,1720.00,22.03.2011,Fly
LN-EHB,RV-4,"Bjørnebekk, Einar Henriksen",1999,2760,680.00,26.06.2001,Fly
LN-EIC,PA-25-235,LAVIA ARGENTINA S.A.,1964,25-2591,1315.00,31.01.2024,Fly
LN-ELB,Virus SW 128,Pipistrel d.o.o. Ajdovščina,2021,VSW1280030,600.00,28.05.2021,Fly
LN-ELG,SR 22,Cirrus Design Corporation,2011,3742,1542.00,15.03.2011,Fly
LN-ELL,Virus SW 128,Pipistrel d.o.o. Ajdovščina,2023,VSW1280089,600.00,01.06.2023,Fly
LN-ELT,Virus SW 121A,Pipistrel d.o.o. Ajdovščina,2023,VSW121A0132,600.00,01.06.2023,Fly
LN-EMN,JABIRU J430,David John Royce,2006,PFA 336-14060,700.00,25.01.2010,Fly
LN-ENL,737-8JP,The Boeing Company,2016,41148,78999.00,13.08.2021,Fly
LN-ENM,737-8JP,The Boeing Company,2016,42071,78999.00,08.07.2021,Fly
LN-ENN,737-800,The Boeing Company,2016,42082,78999.00,30.04.2021,Fly
LN-ENO,737-800,The Boeing Company,2017,42088,78999.00,16.06.2021,Fly
LN-ENP,737-800,The Boeing Company,2017,42090,78999.00,08.06.2021,Fly
LN-ENQ,737-800,The Boeing Company,2017,42092,78999.00,02.06.2021,Fly
LN-ENR,737-800,The Boeing Company,2018,42093,78999.00,11.06.2021,Fly
LN-ENS,737-800,The Boeing Company,2017,42281,78999.00,10.06.2021,Fly
LN-ENT,737-800,The Boeing Company,2017,42282,78999.00,03.06.2021,Fly
LN-ENU,737-8JP,The Boeing Company,2015,42069,78999.00,11.08.2021,Fly
LN-ENV,737-8JP,The Boeing Company,2015,41140,78999.00,30.06.2021,Fly
LN-EON,Pipistrel Alpha Electro 167,Pipistrel d.o.o. Ajdovščina,2019,938 AE 60,550.00,26.09.2019,Fly
LN-EPX,P2 Xcursion,Equator Aircraft Norway SA,2018,P2MK2V4 001,750.00,06.03.2017,Fly
LN-ERB,Glastar GS-1 TD,Glasair Aviation LLC,2019,5747,889.00,05.02.2019,Fly
LN-ESS,CASA 1.131 E-3B,"Construcciones Aeronauticas, S.A.",1958,2156,720.00,08.12.2005,Fly
LN-EUJ,680A,Textron Aviation Inc.,2021,C680A-0272,13970.00,23.12.2021,Fly
LN-EZE,PA-18-150,"Piper Aircraft, Inc.",1966,18-8444,794.00,12.09.2011,Fly
LN-EAA,Acro Sport II,"Strande, Ole Erik",2003,2065,810.00,12.06.2007,Fly
LN-FAB,J-2 Cub,Taylor Aircraft Corporation,1937,980,485.00,04.12.1937,Fly
LN-FAG,F172 M,Textron Aviation Inc.,1976,F172-1485,1043.00,15.06.1977,Fly
LN-FAW,F172 N,Reims Aviation S.A.,1978,F172-1703,1043.00,12.07.1978,Fly
LN-FEW,TF-51D Mustang ,Fighter Escort Wings ,2020,032,1225.00,19.03.2020,Fly
LN-FFF,U206G,Textron Aviation Inc.,1978,U206-04497,1633.00,20.06.2006,Fly
LN-FGE,737-8,The Boeing Company,2022,63560,78925.00,27.04.2022,Fly
LN-FGF,737-8,The Boeing Company,2022,43324,78925.00,22.02.2022,Fly
LN-FGG,737-8,The Boeing Company,2022,43343,78925.00,23.03.2022,Fly
LN-FGH,737-8,The Boeing Company,2022,43354,78925.00,29.04.2022,Fly
LN-FGI,737-8,The Boeing Company,2022,65185,78925.00,29.07.2022,Fly
LN-FGJ,737-8,The Boeing Company,2022,65903,78925.00,30.08.2022,Fly
LN-FIJ,AA-5A,Grumman American Aviation Corporation,1977,AA5A-0486,999.00,12.06.2012,Fly
LN-FIN,RV-7,"Van`s Aircraft, inc.",2020,72744,817.00,24.01.2020,Fly
LN-FKE,PA-31,"Piper Aircraft, Inc.",1968,31-293,2948.00,08.12.1986,Fly
LN-FLY,Carbon Cub,CubCrafters,2017,CCK1865-0064,846.00,07.07.2017,Fly
LN-FMU,91B,SAAB-Scania AB,1953,91-267,1165.00,11.11.1986,Fly
LN-FNA,787-9,The Boeing Company,2018,63345,252650.00,28.01.2022,Fly
LN-FNB,787-9,The Boeing Company,2019,63346,252650.00,20.12.2021,Fly
LN-FNC,787-9,The Boeing Company,2018,38790,252650.00,18.02.2022,Fly
LN-FND,787-9,The Boeing Company,2018,38788,252650.00,08.03.2022,Fly
LN-FNE,787-9,The Boeing Company,2018,38789,250836.00,27.01.2025,Fly
LN-FNL,787-9,The Boeing Company,2019,63320,252650.00,19.03.2024,Fly
LN-FOB,PA-28-151,"Piper Aircraft, Inc.",1974,28-7415344,1055.00,27.10.1978,Fly
LN-FOC,210H,Textron Aviation Inc.,1968,21059007,1542.00,19.12.1978,Fly
LN-FOO,T206H,Textron Aviation Inc.,2004,T20608506,1633.00,11.03.2011,Fly
LN-FRI,DA 50 C,Diamond Aircraft Industries GmbH,2023,50.C.A.A.046,1999.00,07.07.2023,Fly
LN-FRK,YMF Model F5C,Waco Classic Aircraft Corporation,,F5C102,1338.00,13.03.2025,Fly
LN-FRV,RV-8,"Van`s Aircraft, inc.",2016,81348,815.00,04.08.2016,Fly
LN-FSA,PA-28-181,"Piper Aircraft, Inc.",1978,28-7890549,1157.00,26.02.1988,Fly
LN-FSB,PA-28-140,"Piper Aircraft, Inc.",1969,28-23870,976.00,04.07.1989,Fly
LN-FTB,DA 62,Diamond Aircraft Industries GmbH,2021,62.159,2300.00,22.07.2021,Fly
LN-FTD,172S,Textron Aviation Inc.,2008,172S10794,1157.00,13.11.2008,Fly
LN-FTE,172S,Textron Aviation Inc.,2009,172S10994,1157.00,25.09.2009,Fly
LN-FTM,DA 40 NG,Diamond Aircraft Industries GmbH,2015,40.N286,1310.00,01.07.2015,Fly
LN-FTQ,DA 40 NG,Diamond Aircraft Industries GmbH,2015,40.N297,1310.00,09.10.2015,Fly
LN-FTS,DA 40 NG,Diamond Aircraft Industries GmbH,2016,40.N306,1310.00,11.02.2016,Fly
LN-FTT,DA 42 NG,Diamond Aircraft Industries GmbH,2016,42.N198,1999.00,01.02.2016,Fly
LN-FTU,DA 40 NG,Diamond Aircraft Industries GmbH,2017,40.NC004,1310.00,05.09.2017,Fly
LN-FTX,Boeing A75N1,The Boeing Company,1943,75-4952,1338.00,04.07.2011,Fly
LN-FUN,SuperSTOL,Just Aircraft LLC,2021,JA385-06-14,599.00,10.03.2021,Fly
LN-FVB,DHC-8-103,De Havilland Aircraft of Canada Limited,1999,540,15966.00,24.02.2020,Fly
LN-FWP,Piaggio FWP 149D,Vereinigte Flugtechnische Werke Fokker GmbH,1958,025,1820.00,21.01.2015,Fly
LN-FZO,F172 M,Textron Aviation Inc.,1974,F172-1145,1043.00,12.03.2010,Fly
LN-GAB,G103A,Grob-Werke Burkhart Grob e. K.,1986,34063-K293,580.00,04.04.1986,Seilfly
LN-GAD,SPECHT,,1957,410,390.00,12.04.1991,Seilfly
LN-GAJ,LS8-A,Rolladen-Schneider Flugzeugbau GmbH,1995,8010,525.00,15.03.2000,Seilfly
LN-GAK,Ventus-2cM,Schempp-Hirth Flugzeugbau GmbH,2000,89,500.00,21.07.2000,Seilfly
LN-GAL,VENTUS B16.6,Schempp-Hirth Flugzeugbau GmbH,1981,47,430.00,05.02.2001,Seilfly
LN-GAM,ASK 21,Alexander Schleicher GmbH & Co. Segelflugzeugbau,1982,21132,600.00,05.11.1982,Seilfly
LN-GAO,Duo Discus T,Schempp-Hirth Flugzeugbau GmbH,2005,113,700.00,14.02.2005,Seilfly
LN-GAQ,K8B,Alexander Schleicher GmbH & Co. Segelflugzeugbau,1963,8217,310.00,29.01.2013,Seilfly
LN-GAT,SF 28 A,Scheibe Aircraft GmbH,1974,5765,610.00,12.09.1985,Seilfly
LN-GAW,L 13 SL VIVAT,"EVEKTOR, spol. s r.o.",1993,930508,720.00,18.11.1999,Seilfly
LN-GAZ,SDZ55-1,,1990,551190009,500.00,24.04.2003,Seilfly
LN-GBF,B4-PC11,Pilatus Aircraft,1974,107,350.00,05.04.1974,Seilfly
LN-GBG,ASK 13,Alexander Schleicher GmbH & Co. Segelflugzeugbau,1968,13103,480.00,11.09.1968,Seilfly
LN-GBH,LS6,DG-Flugzeugbau GmbH,1985,6022,525.00,20.06.1985,Seilfly
LN-GBK,K8B,Alexander Schleicher GmbH & Co. Segelflugzeugbau,,1,310.00,24.02.2016,Seilfly
LN-GBV,K8B,Alexander Schleicher GmbH & Co. Segelflugzeugbau,1961,1088,310.00,09.04.1976,Seilfly
LN-GBX,ASTIR CS,Grob-Werke Burkhart Grob e. K.,1977,1519,450.00,09.05.1977,Seilfly
LN-GBZ,ASK 21,Alexander Schleicher GmbH & Co. Segelflugzeugbau,2006,21807,600.00,27.02.2006,Seilfly
LN-GCA,ASW 15,Alexander Schleicher GmbH & Co. Segelflugzeugbau,1969,15017,408.00,22.09.2023,Seilfly
LN-GCB,DG-500,Glaser-Dirks Flugzeugbau GmbH,1990,5E23T5,750.00,11.04.2001,Seilfly
LN-GCE,SF 34,Scheibe-Flugzeugbau GmbH,1981,5107,540.00,07.05.2002,Seilfly
LN-GCF,SZD-48-3,,1984,B-1372,540.00,30.05.2002,Seilfly
LN-GCG,LS8-18,Rolladen-Schneider Flugzeugbau GmbH,2002,8430,525.00,06.06.2002,Seilfly
LN-GCI,LS8-t,Rolladen-Schneider Flugzeugbau GmbH,2002,8415,575.00,12.08.2002,Seilfly
LN-GCJ,ASK 21,Alexander Schleicher GmbH & Co. Segelflugzeugbau,2002,21742,600.00,23.07.2002,Seilfly
LN-GCK,ASW 19B,Alexander Schleicher GmbH & Co. Segelflugzeugbau,1977,19083,408.00,23.05.2003,Seilfly
LN-GCM,LS4-B,Rolladen-Schneider Flugzeugbau GmbH,2003,41054,525.00,11.04.2003,Seilfly
LN-GCN,DG-1000S,DG-Flugzeugbau GmbH,2003,10-24 S 24,630.00,04.04.2003,Seilfly
LN-GCP,Duo Discus T,Schempp-Hirth Flugzeugbau GmbH,2003,079,700.00,28.01.2004,Seilfly
LN-GCR,ASH 26 E,Alexander Schleicher GmbH & Co. Segelflugzeugbau,1995,26052,525.00,23.05.2003,Seilfly
LN-GCS,ASK 21,Alexander Schleicher GmbH & Co. Segelflugzeugbau,1991,21520,600.00,05.03.2003,Seilfly
LN-GCU,G103C Twin III-SL,Fiberglas-Technik Rudolf Lindner GmbH Co. KG,1992,35007,710.00,13.06.2003,Seilfly
LN-GCZ,K8B,Alexander Schleicher GmbH & Co. Segelflugzeugbau,1964,8129,310.00,13.09.2004,Seilfly
LN-GDB,ASW 15B,Alexander Schleicher GmbH & Co. Segelflugzeugbau,1974,15382,408.00,19.03.1998,Seilfly
LN-GDE,DISCUS 2b,Schempp-Hirth Flugzeugbau GmbH,2003,170,525.00,04.04.2003,Seilfly
LN-GDF,Standard Cirrus G,Schempp-Hirth Flugzeugbau GmbH,1975,550 G,350.00,22.09.2021,Seilfly
LN-GDG,DG-1000S,DG-Flugzeugbau GmbH,2020,10-280S184,630.00,17.07.2020,Seilfly
LN-GDM,Nimbus-4DM,Schempp-Hirth Flugzeugbau GmbH,1999,36,820.00,15.03.1999,Seilfly
LN-GDW,DISCUS b,Schempp-Hirth Flugzeugbau GmbH,1997,571,525.00,23.04.1997,Seilfly
LN-GEI,LS10-st,Rolladen-Schneider Flugzeugbau GmbH,2009,L10-014,600.00,31.03.2009,Seilfly
LN-GEL,JS-MD 3 RES,M&D Flugzeugbau GmbH & Co. KG,2023,3.MD140,575.00,20.06.2023,Seilfly
LN-GEO,DG-1000S,Volocopter Production GmbH,2023,10-303S202,630.00,26.02.2024,Seilfly
LN-GER,LS8-A,Rolladen-Schneider Flugzeugbau GmbH,1997,8129,525.00,15.05.1997,Seilfly
LN-GES,LAK-17B FES,"JSC ""Sportiné Aviacija""",2014,223,600.00,16.06.2014,Seilfly
LN-GFB,LS4-a,Rolladen-Schneider Flugzeugbau GmbH,1990,4793,525.00,07.04.2025,Seilfly
LN-GFG,HK 36 TTC,Diamond Aircraft Industries GmbH,2009,36.843,770.00,15.06.2011,Seilfly
LN-GFJ,Arcus M,Schempp-Hirth Flugzeugbau GmbH,2021,237,850.00,21.05.2021,Seilfly
LN-GFS,DG-400,DG-Flugzeugbau GmbH,1983,4-60,480.00,06.02.2015,Seilfly
LN-GGD,K8B,Alexander Schleicher GmbH & Co. Segelflugzeugbau,1966,8610,310.00,26.04.1967,Seilfly
LN-GGE,KA6CR,Alexander Schleicher GmbH & Co. Segelflugzeugbau,0,6510/Si,300.00,30.12.2008,Seilfly
LN-GGF,Phoebus B1,Waggon- und Maschinenbau AG,1966,738,434.00,16.07.2021,Seilfly
LN-GGH,SF 34,Scheibe-Flugzeugbau GmbH,1981,5109,540.00,15.04.1987,Seilfly
LN-GGN,B4-PC11AF,Pilatus Aircraft,1977,256,350.00,23.06.1977,Seilfly
LN-GGO,ASTIR CS,Grob-Werke Burkhart Grob e. K.,1976,1198,450.00,12.07.1989,Seilfly
LN-GGP,PIK-16C,,0,19,281.00,01.11.2006,Seilfly
LN-GGR,LS3,Rolladen-Schneider Flugzeugbau GmbH,1977,3052,472.00,10.06.1977,Seilfly
LN-GGU,ASTIR CS77,Grob-Werke Burkhart Grob e. K.,1978,1711,450.00,11.05.1978,Seilfly
LN-GGV,ASTIR CS77,Grob-Werke Burkhart Grob e. K.,1979,1640,450.00,27.05.2015,Seilfly
LN-GGX,HK 36 TTC,Diamond Aircraft Industries GmbH,1999,36607,770.00,19.05.2022,Seilfly
LN-GGZ,K8B,Alexander Schleicher GmbH & Co. Segelflugzeugbau,1972,8913,310.00,23.11.2021,Seilfly
LN-GHA,LS1-F,Rolladen-Schneider Flugzeugbau GmbH,1975,329,390.00,03.08.1979,Seilfly
LN-GHC,ASK 21,Alexander Schleicher GmbH & Co. Segelflugzeugbau,2016,21933,600.00,31.05.2016,Seilfly
LN-GHD,LS3-A,Rolladen-Schneider Flugzeugbau GmbH,1979,3363,472.00,18.06.1991,Seilfly
LN-GHF,Mosquito B,Glasflügel Deutsch-Brasilianische Flugzeug- und Fahrzeugbau GmbH,1979,180,450.00,27.03.1980,Seilfly
LN-GHG,ASTIR CS,Grob-Werke Burkhart Grob e. K.,1976,1182,450.00,29.04.2013,Seilfly
LN-GHK,LS6-A,Rolladen-Schneider Flugzeugbau GmbH,1985,6034,525.00,02.07.1985,Seilfly
LN-GHL,ASW 19B,Alexander Schleicher GmbH & Co. Segelflugzeugbau,1984,19402,408.00,30.03.1984,Seilfly
LN-GHR,T21B,,0,FF 1161,476.00,25.04.1994,Seilfly
LN-GHY,LS6-A,Rolladen-Schneider Flugzeugbau GmbH,1986,6107,525.00,23.12.1986,Seilfly
LN-GIA,L23,Aerotechnik,1998,988409,510.00,04.06.1998,Seilfly
LN-GIB,ASK 21,Alexander Schleicher GmbH & Co. Segelflugzeugbau,1986,21293,600.00,13.05.1986,Seilfly
LN-GID,MISTRAL C,Valentin Flugzeugbau GmbH,1982,MC 050/82,350.00,18.05.1990,Seilfly
LN-GIE,Bergfalke III,Scheibe-Flugzeugbau GmbH,1964,5520,465.00,09.06.1992,Seilfly
LN-GIF,ASK 21,Alexander Schleicher GmbH & Co. Segelflugzeugbau,1992,21554,600.00,17.07.1992,Seilfly
LN-GII,ASW 19B,Alexander Schleicher GmbH & Co. Segelflugzeugbau,1979,19272,408.00,23.03.1987,Seilfly
LN-GIK,LS4-a,Rolladen-Schneider Flugzeugbau GmbH,1988,4720,525.00,15.08.1988,Seilfly
LN-GIM,LS7-WL,Rolladen-Schneider Flugzeugbau GmbH,1989,7028,486.00,23.01.1990,Seilfly
LN-GIN,LS7-WL,Rolladen-Schneider Flugzeugbau GmbH,1991,7127,486.00,25.02.1991,Seilfly
LN-GJA,ASH 26 E,Alexander Schleicher GmbH & Co. Segelflugzeugbau,1998,26138,525.00,10.12.2008,Seilfly
LN-GJP,HK 36 TTC,Diamond Aircraft Industries GmbH,2008,36.805,770.00,07.10.2010,Seilfly
LN-GKD,ASW 28-18 E,Alexander Schleicher GmbH & Co. Segelflugzeugbau,0,28734,575.00,06.04.2010,Seilfly
LN-GKP,T31,,1951,1405-594,376.00,02.01.2009,Seilfly
LN-GLA,ASW 27-18 E,Alexander Schleicher GmbH & Co. Segelflugzeugbau,2013,29664,600.00,26.11.2013,Seilfly
LN-GLB,L-SPATZ,Scheibe-Flugzeugbau GmbH,1954,01,265.00,05.03.1980,Seilfly
LN-GLF,LS4-a,Rolladen-Schneider Flugzeugbau GmbH,1981,4061,525.00,13.04.1981,Seilfly
LN-GLG,LS4,Rolladen-Schneider Flugzeugbau GmbH,1981,4064,472.00,10.09.1981,Seilfly
LN-GLH,LS3-A,Rolladen-Schneider Flugzeugbau GmbH,1980,3365,472.00,19.05.1980,Seilfly
LN-GLI,LAK-17B FES mini,"JSC ""Sportiné Aviacija""",2021,037,350.00,12.08.2021,Seilfly
LN-GLM,Mosquito,Glasflügel Deutsch-Brasilianische Flugzeug- und Fahrzeugbau GmbH,1977,024,450.00,20.03.1986,Seilfly
LN-GLN,Bergfalke IV,Scheibe-Flugzeugbau GmbH,1971,5812,505.00,13.10.1980,Seilfly
LN-GLU,L23,Aerotechnik,1997,978309,510.00,17.09.1997,Seilfly
LN-GLX,G103A,Grob-Werke Burkhart Grob e. K.,1984,3878-K116,580.00,25.09.1984,Seilfly
LN-GMA,JS-MD 3 RES,M&D Flugzeugbau GmbH & Co. KG,2022,3.MD127,575.00,29.06.2022,Seilfly
LN-GMB,PIK-20 E,Eiri-Avion O/Y,1980,20289,470.00,28.04.1981,Seilfly
LN-GMF,SF 25 B,Scheibe Aircraft GmbH,1970,46125,555.00,04.01.2008,Seilfly
LN-GMI,ASK 21 Mi,Alexander Schleicher GmbH & Co. Segelflugzeugbau,2007,21825,705.00,13.09.2007,Seilfly
LN-GMR,Taifun 17 E,Rainer Korff Luftfahrt,1985,1053,820.00,27.06.1985,Seilfly
LN-GMT,IS-28-M2/80HP,S.C. Constructii Aeronautice S.A.,1981,43,760.00,29.05.1981,Seilfly
LN-GMV,PIK-20 E,,1980,20286,470.00,26.11.1986,Seilfly
LN-GMY,H 36,Diamond Aircraft Industries GmbH,1983,3653,770.00,15.03.1989,Seilfly
LN-GNF,LS4,Rolladen-Schneider Flugzeugbau GmbH,1984,4415,472.00,28.02.2008,Seilfly
LN-GNP,LS4-a,Rolladen-Schneider Flugzeugbau GmbH,1985,4529,525.00,26.03.2025,Seilfly
LN-GOJ,JS-MD 3 RES,M&D Flugzeugbau GmbH & Co. KG,2026,3.MD256,575.00,16.03.2026,Seilfly
LN-GOL,DG-1000M,DG-Flugzeugbau GmbH,2018,10-256M32,790.00,14.09.2018,Seilfly
LN-GOR,DG-1000S,DG-Flugzeugbau GmbH,2021,10-285S189,630.00,02.07.2021,Seilfly
LN-GOS,K7,Alexander Schleicher GmbH & Co. Segelflugzeugbau,1961,162/59,484.50,12.06.1995,Seilfly
LN-GPA,DG-300,Glaser-Dirks Flugzeugbau GmbH,1988,3E303,525.00,15.09.1988,Seilfly
LN-GPH,C.30 Edelweiss,Siren S.A.,1967,40,380.00,14.12.2011,Seilfly
LN-GPL,SDZ-24-4A FOKA 4,,1967,W-352,385.00,26.06.2006,Seilfly
LN-GPM,SHK-1,,1966,19,370.00,04.05.2011,Seilfly
LN-GPN,Sie-3,Paul Siebert Sport und Segelflugzeugbau,1968,3025,340.00,05.03.2012,Seilfly
LN-GPO,DISCUS b,Schempp-Hirth Flugzeugbau GmbH,1990,334,525.00,05.02.1999,Seilfly
LN-GPS,Discus bT,Schempp-Hirth Flugzeugbau GmbH,1995,155,450.00,07.12.1995,Seilfly
LN-GQB,SZD-59,Polskie Zakłady Lotnicze Sp. Z o. o.,2014,590.A.14.015,540.00,23.11.2023,Seilfly
LN-GRA,ASK 21,Alexander Schleicher GmbH & Co. Segelflugzeugbau,2009,21856,600.00,06.01.2010,Seilfly
LN-GRF,Fournier RF 4D,Sportavia Pützer GmbH & Co KG,1968,4078,390.00,23.03.2023,Seilfly
LN-GRH,Ventus-3M,Schempp-Hirth Flugzeugbau GmbH,2022,177MP,600.00,01.06.2022,Seilfly
LN-GRY,Fournier RF 5,Sportavia Pützer GmbH & Co KG,1972,5113,650.00,05.05.1997,Seilfly
LN-GSD,HK 36 TTC,Diamond Aircraft Industries GmbH,2008,36.817,770.00,08.08.2008,Seilfly
LN-GSF,Duo Discus T,Schempp-Hirth Flugzeugbau GmbH,2003,87,700.00,02.01.2014,Seilfly
LN-GSH,ASH 26 E,Alexander Schleicher GmbH & Co. Segelflugzeugbau,1996,26102,525.00,05.05.2009,Seilfly
LN-GSK,DG-505MB,Glaser-Dirks Flugzeugbau GmbH,2000,5E192MB7,630.00,16.05.2006,Seilfly
LN-GSL,Taifun 17 E,Rainer Korff Luftfahrt,1984,1022,820.00,09.07.2009,Seilfly
LN-GSS,Ventus-2cT,Schempp-Hirth Flugzeugbau GmbH,1998,34,500.00,26.02.1999,Seilfly
LN-GSW,ASW 15B,Alexander Schleicher GmbH & Co. Segelflugzeugbau,1972,15244,408.00,04.04.1997,Seilfly
LN-GTA,B4-PC11AF,Pilatus Aircraft,1974,111,350.00,12.08.2011,Seilfly
LN-GTB,CARAT A,MAG letalstvo d.o.o.,2024,CA037,490.00,15.10.2024,Seilfly
LN-GTE,ASW 20,Alexander Schleicher GmbH & Co. Segelflugzeugbau,1980,20325,454.00,19.06.1991,Seilfly
LN-GTH,STD Cirrus B,Schempp-Hirth Flugzeugbau GmbH,1974,416,390.00,11.09.2006,Seilfly
LN-GTI,Grunau Baby 2B,Rolladen-Schneider Flugzeugbau GmbH,1952,504,250.00,30.05.1990,Seilfly
LN-GTL,Slingsby - T31,Slingsby Aviation Ltd.,1952,850,377.00,25.04.2014,Seilfly
LN-GTR,LAK-17B FES mini,"JSC ""Sportiné Aviacija""",2016,002,350.00,07.12.2017,Seilfly
LN-GTT,LS8-A,Rolladen-Schneider Flugzeugbau GmbH,1998,8177,525.00,11.03.1998,Seilfly
LN-GUD,SZD-59,Polskie Zakłady Lotnicze Sp. Z o. o.,2014,590.A.14.016,540.00,20.10.2014,Seilfly
LN-GUF,ASW 20,Alexander Schleicher GmbH & Co. Segelflugzeugbau,1981,20441,454.00,25.02.2015,Seilfly
LN-GWS,PW-5,PZL Swidnik SA,1996,17.05.011,300.00,30.07.1996,Seilfly
LN-GXL,LAK-20T,Sportine Aviacija,2008,004,850.00,28.04.2008,Seilfly
LN-GXT,Duo Discus T,Schempp-Hirth Flugzeugbau GmbH,2008,187,750.00,25.08.2008,Seilfly
LN-GAA,PIK-3B,Eiri-Avion O/Y,1973,1,232.00,21.03.1974,Seilfly
LN-HAF,PA-22-150,"Piper Aircraft, Inc.",,22-7359,907.00,10.05.2021,Fly
LN-HAH,210L,Textron Aviation Inc.,1975,21060751,1724.00,05.05.1975,Fly
LN-HAI,U206F,Textron Aviation Inc.,1976,U206-03058,1633.00,25.05.1992,Fly
LN-HAN,PA-28-140,"Piper Aircraft, Inc.",1964,28-20353,976.00,27.03.1965,Fly
LN-HAR,PA-18,"Piper Aircraft, Inc.",1952,18-1566,680.00,21.02.1989,Fly
LN-HAU,PA-18A-150,"Piper Aircraft, Inc.",1959,18-6642,794.00,18.03.1997,Fly
LN-HAV,PA-18A-150,"Piper Aircraft, Inc.",1960,18-7247,794.00,10.07.2008,Fly
LN-HAW,150F,Textron Aviation Inc.,1966,150-62678,726.00,18.11.2022,Fly
LN-HDA,YAK-52,Aerostar SA,1991,9111505,1305.00,02.06.2014,Fly
LN-HEI,PA-34-200T,"Piper Aircraft, Inc.",1979,34-7970106,1999.00,18.01.2022,Fly
LN-HFK,177RG,Textron Aviation Inc.,1978,177RG1325,1270.00,17.06.2019,Fly
LN-HHO,PA-18-150,"Piper Aircraft, Inc.",1952,18-1450,794.00,11.05.1978,Fly
LN-HHS,91B,SAAB-Scania AB,1952,91-210,1165.00,06.07.2010,Fly
LN-HJD,Europa XS Monowheel,Europa Aircraft,2010,334,622.00,08.09.2010,Fly
LN-HLL,Turbo Shark 600 EXP,Shark Aero s.r.o,2025,163,600.00,13.03.2025,Fly
LN-HMB,PA-34-220T,"Piper Aircraft, Inc.",2007,3449368,2155.00,20.03.2017,Fly
LN-HOE,U206G,Textron Aviation Inc.,1979,U206-05143,1633.00,24.08.1979,Fly
LN-HOF,F172 N,Reims Aviation S.A.,1979,F172-1896,1043.00,13.08.1979,Fly
LN-HOG,172N,Textron Aviation Inc.,1979,172-72740,1043.00,30.08.1979,Fly
LN-HOK,114,Rockwell International,1976,14111,1424.00,29.04.1979,Fly
LN-HOO,TU206G,Textron Aviation Inc.,1980,U206-05490,1633.00,01.04.1980,Fly
LN-HOT,S-2C,"Aviat Aircraft, Inc.",2004,6060,771.00,14.07.2021,Fly
LN-HOX,F172 N,Reims Aviation S.A.,1980,F172-2029,1043.00,21.08.1980,Fly
LN-HPB,LONG-EZ,Rutan Aircraft Factory INC,1983,0190,602.00,02.06.1983,Fly
LN-HPC,AA-5A,Gulfstream Aerospace Corporation,1979,AA5A-0841,999.00,27.09.1982,Fly
LN-HRB,Harmon Rocket II,David Richey,2004,3870,900.00,17.03.2011,Fly
LN-HTM,GA-7,Gulfstream American Aviation,1979,GA7-0086,1724.00,01.10.2012,Fly
LN-HAA,SZD-22,Zaklad Szybowcowy Jezow,1962,616,383.00,17.03.2014,Seilfly
LN-IFI,PA-28-181,"Piper Aircraft, Inc.",2017,2843926,1157.00,06.04.2021,Fly
LN-IGB,YAK-52,Aerostar SA,1988,888814,1305.00,13.05.1997,Fly
LN-IHH,EA 300/L,Extra Flugzeugbau GmbH,1999,084,950.00,02.12.2025,Fly
LN-III,F1 EVO,Team Rocket Aircraft,2007,132,952.50,09.03.2020,Fly
LN-IKA,TU206G,Textron Aviation Inc.,1981,U206-06251,1633.00,04.06.1982,Fly
LN-IKG,172C,Textron Aviation Inc.,1961,172-49042,1020.00,06.04.1962,Fly
LN-IKL,SR 22,Cirrus Design Corporation,2018,4604,1633.00,27.03.2018,Fly
LN-IKO,180B,Textron Aviation Inc.,1959,180-50435,1202.00,03.09.1962,Fly
LN-IKQ,FR172F,Reims Aviation S.A.,1969,F172-0101,1134.00,30.06.1969,Fly
LN-ILS,DHC-8-103,De Havilland Aircraft of Canada Limited,1995,396,15966.00,03.02.1995,Fly
LN-IMA,F152,Reims Aviation S.A.,1980,152-01720,758.00,23.04.2014,Fly
LN-INA,CASA 1.131 E-3B,"Construcciones Aeronauticas, S.A.",1957,E3B-529,720.00,30.07.2007,Fly
LN-ION,Pipistrel Alpha Electro 167,Pipistrel d.o.o. Ajdovščina,2019,927 AE 60,550.00,26.09.2019,Fly
LN-IPR,R182,Textron Aviation Inc.,1978,R18200704,1406.00,14.03.2011,Fly
LN-ITA,SR 20,Cirrus Aircraft Corporation,2011,2076,1315.00,03.05.2011,Fly
LN-ITB,PA-31,"Piper Aircraft, Inc.",1980,31-8012059,3100.00,23.02.2015,Fly
LN-IVE,Pitts Model 12,Bent Jacobsen,2012,152-1130,1021.00,04.05.2015,Fly
LN-IVP,Lancair IV-P,D.L.Simmons,1999,LIV-284-1063,1500.00,02.10.2018,Fly
LN-IXE,Spitfire IX,Vickers-Armstrongs Ltd.,,MK997,3742.00,19.12.2019,Fly
LN-JAB,JABIRU 400,Jabiru Aircraft Pty Ltd,2011,145,693.00,21.07.2011,Fly
LN-JAC,YAK-52,Aerostar SA,,855006,1305.00,13.06.2007,Fly
LN-JAL,PA-28-181,"Piper Aircraft, Inc.",1996,2843046,1157.00,12.02.2007,Fly
LN-JAN,C-34,Textron Aviation Inc.,,302,1066.00,02.01.2014,Fly
LN-JBI,182Q,Textron Aviation Inc.,1978,182-66054,1523.00,05.12.2016,Fly
LN-JET,DH 100 Vampire Mk.6,DeHavilland Aircraft Co. LTD,1952,655,5620.00,12.02.1999,Fly
LN-JIB,PA-18-90,"Piper Aircraft, Inc.",1954,18-3113,680.00,01.07.2016,Fly
LN-JMP,DHC-6-200,De Havilland Aircraft of Canada Limited,1968,184,5252.00,11.04.2006,Fly
LN-JON,SeaRey,Progressive Aerodyne Inc,2018,1DK377C,648.00,29.06.2018,Fly
LN-JOY,Skybolt,Steen Aero Lab,,JSG-1-889,.00,03.05.2010,Fly
LN-KAB,172S,Textron Aviation Inc.,2006,172S10237,1157.00,20.11.2006,Fly
LN-KAC,PA-22-150,"Piper Aircraft, Inc.",1957,22-5368,907.00,20.11.1974,Fly
LN-KAD,PA-18-150,"Piper Aircraft, Inc.",1978,18-7809141,794.00,15.01.1998,Fly
LN-KAF,PA-28-181,"Piper Aircraft, Inc.",1976,28-7690341,1157.00,10.06.1988,Fly
LN-KAI,PA-23-250,Homebuilt,1973,27-7304954,2359.00,13.07.1989,Fly
LN-KAJ,YAK-52,Aerostar SA,1985,855907,1305.00,12.05.2020,Fly
LN-KAK,J3C-65,"Piper Aircraft, Inc.",1944,LFS 1-56,553.00,09.03.1967,Fly
LN-KAO,A185E,Textron Aviation Inc.,1967,185-01187,1520.00,11.09.1967,Fly
LN-KAP,CAP 10B,Apex Aircraft,1981,130,830.00,06.03.2003,Fly
LN-KAY,DH-82A,DeHavilland Aircraft Co. LTD,1941,84616,828.00,21.11.2007,Fly
LN-KCA,A185E,Cessna Aircraft Company,1967,185-01302,1520.00,27.02.1968,Fly
LN-KCH,PA-18-150,"Piper Aircraft, Inc.",1967,18-8579,794.00,19.10.1967,Fly
LN-KCJ,Cessna 140,Textron Aviation Inc.,1946,140-11721,658.00,23.02.1972,Fly
LN-KCM,PA-18A-150,"Piper Aircraft, Inc.",1959,18-5878,794.00,06.09.1983,Fly
LN-KCO,PA-18-90,"Piper Aircraft, Inc.",1952,18-2051,680.00,22.04.1968,Fly
LN-KCU,PA-18-95,"Piper Aircraft, Inc.",1968,18-2053,680.00,22.04.1968,Fly
LN-KCY,M-7-235,"Maule Aerospace Technology, Inc.",1984,4014C,1134.00,05.07.1991,Fly
LN-KFK,PA-28-161,"Piper Aircraft, Inc.",2006,2842264,1107.00,30.10.2007,Fly
LN-KFM,DH 60M,Kjeller Flyhistoriske Forening,1929,711,748.00,09.03.2017,Fly
LN-KFT,DH-82,Kjeller Flyfabrikk,1935,185,828.00,23.08.2006,Fly
LN-KGB,Antonov-2,PZL-MIELEC,1988,1G23028,5500.00,23.10.2013,Fly
LN-KGW,B200GT,Textron Aviation Inc.,2018,BY-313,5670.00,17.07.2018,Fly
LN-KIN,Jabiru J400,Jabiru Aircraft Pty Ltd,2005,184,700.00,16.11.2021,Fly
LN-KIS,KIS TR-1,"Erstad, Hans Christian",2000,32,658.00,01.11.2001,Fly
LN-KKS,VL-3,JMB Aircraft s.r.o,2023,498,600.00,27.06.2023,Fly
LN-KLA,L-4J,"Piper Aircraft, Inc.",1944,13163,531.00,19.04.2000,Fly
LN-KLC,AA-5A,Grumman American Aviation Corporation,1978,AA5A-0549,999.00,30.05.1978,Fly
LN-KLD,TB 10,SOCATA,1981,225,1150.00,26.10.1981,Fly
LN-KLF,AA-5A,Grumman American Aviation Corporation,1978,AA5A-0610,999.00,08.02.1979,Fly
LN-KLH,AA-5A,Gulfstream American Corporation,1979,AA5A-0844,999.00,08.06.1979,Fly
LN-KLI,AA-5B,Gulfstream Aerospace Corporation,1979,AA5B-1131,1089.00,08.05.1979,Fly
LN-KLM,TB 9,SOCATA,1982,303,1060.00,21.03.1983,Fly
LN-KLO,TB 9,SOCATA,1986,692,1060.00,26.08.2009,Fly
LN-KLQ,M20J,Mooney Aircraft Corporation,1986,24-1597,1243.00,19.02.1987,Fly
LN-KPL,PA-34-200T,"Piper Aircraft, Inc.",1980,34-8070078,1999.00,28.09.2020,Fly
LN-KPX,DA20-C1,"Diamond Aircraft Industries, Inc.",1998,C0012,800.00,16.09.2022,Fly
LN-KTR,PA-28R-200,"Piper Aircraft, Inc.",1974,28R-7435046,1180.00,27.02.2006,Fly
LN-KVK,PA-32-301XTC,"Piper Aircraft, Inc.",2004,3255024,1633.00,04.09.2018,Fly
LN-KYV,B300,Textron Aviation Inc.,2011,FL-745,7484.00,06.05.2011,Fly
LN-LAB,RV-6,"Berg, Geir",2000,22930,726.00,29.04.2004,Fly
LN-LAG,Lancair 320,Neico Aviation Inc,1991,320,807.00,07.06.1993,Fly
LN-LCU,8KCAB,American Champion Aircraft Corporation,1999,832-99,885.00,27.01.2011,Fly
LN-LFB,M20C,Mooney Aircraft Corporation,1969,690028,1168.00,25.01.1984,Fly
LN-LFG,Rallye 180 T,SOCATA,1979,3242,950.00,24.03.1986,Fly
LN-LFJ,Pottier P180S,Homebuilt,1993,162,600.00,04.11.1994,Fly
LN-LFK,91B-2,SAAB-Scania AB,1957,91-341,1215.00,11.03.1983,Fly
LN-LFS,DA 42,Diamond Aircraft Industries GmbH,2008,42.305,1700.00,06.04.2016,Fly
LN-LFT,DA 40 D,Diamond Aircraft Industries GmbH,2003,D4.059,1150.00,05.07.2016,Fly
LN-LGG,F172 N,Reims Aviation S.A.,1979,F172-1929,1043.00,20.02.1996,Fly
LN-LGT,RV-6,"Van`s Aircraft, inc.",2009,60594,726.00,02.02.2010,Fly
LN-LIL,Long-EZ,Rutan Aircraft Factory INC,1996,607-197,.00,19.04.2022,Fly
LN-LJB,210G,Textron Aviation Inc.,1967,21058936,1542.00,11.04.1969,Fly
LN-LJF,F172H,Reims Aviation S.A.,1968,F172-0572,1043.00,08.08.1969,Fly
LN-LJJ,PA-18-90,"Piper Aircraft, Inc.",1953,18-3088,680.00,28.08.1969,Fly
LN-LJK,PA-18-90,"Berg, Iver ",1953,18-3103,680.00,30.04.2010,Fly
LN-LJM,PA-18-95,"Piper Aircraft, Inc.",1954,18-3122,680.00,27.08.1970,Fly
LN-LJU,RV-7,"Van`s Aircraft, inc.",2021,74876,816.00,23.05.2023,Fly
LN-LKV,PA-28RT-201T,"Piper Aircraft, Inc.",1979,28R-7931065,1315.00,08.08.2025,Fly
LN-LLT,RV-6,"Horan, Ernst D. Jr.",2006,60005,726.00,03.08.2010,Fly
LN-LMB,PA-28-140,"Piper Aircraft, Inc.",1968,28-24421,975.00,21.05.1968,Fly
LN-LME,PA-28-140,"Piper Aircraft, Inc.",1968,28-24441,975.00,21.06.1968,Fly
LN-LMG,A185F,Textron Aviation Inc.,1977,185-03278,1520.00,08.08.1977,Fly
LN-LMJ,U206C,Textron Aviation Inc.,1968,U206-01163,1633.00,04.02.1969,Fly
LN-LMQ,U206E,Cessna Aircraft Company,1971,U206-01608,1633.00,23.09.2002,Fly
LN-LMR,PA-28R-180,"Piper Aircraft, Inc.",1968,28R-30976,1135.00,04.03.1969,Fly
LN-LMU,91B-2,SAAB-Scania AB,1957,91.337,1215.00,20.07.2021,Fly
LN-LMY,91B-2,SAAB-Scania AB,1953,91-281,1215.00,17.04.2015,Fly
LN-LNO,787-9,The Boeing Company,2017,38779,250836.00,10.05.2024,Fly
LN-LNR,787-9,The Boeing Company,2017,38784,250836.00,04.04.2024,Fly
LN-LOB,Falco F.8L,"Brekke, Bjørn Joar",2017,1487,853.00,07.03.2017,Fly
LN-LOL,208B,Textron Aviation Inc.,2018,208B5431,3969.00,05.06.2018,Fly
LN-LTH,182E,Textron Aviation Inc.,1962,182-54027,1270.00,24.05.1996,Fly
LN-LTP,RV-4,,1996,1403,680.00,17.06.1997,Fly
LN-LTS,Dornier 228-212,Ruag Aerospace Services GmbH,2010,8301,6400.00,30.11.2010,Fly
LN-LYR,Dornier 228-202,Ruag Aerospace Services GmbH,1989,8166,6200.00,25.05.1994,Fly
LN-LYS,F150H,Textron Aviation Inc.,1968,0380,726.00,18.06.2012,Fly
LN-LZN,172S,Textron Aviation Inc.,2007,172S10492,1157.00,25.08.2010,Fly
LN-MAT,PA-34-200T,"Piper Aircraft, Inc.",1976,34-7670341,1999.00,11.02.1999,Fly
LN-MAV,L-4J,"Piper Aircraft, Inc.",1944,13157,550.00,02.12.2013,Fly
LN-MAX,DH-82A,DeHavilland Aircraft Co. LTD,1941,85738,828.00,06.08.1987,Fly
LN-MAZ,91D Safir,SAAB-Scania AB,1962,91-433,1215.00,14.02.1977,Fly
LN-MEP,PA-31-325,"Piper Aircraft, Inc.",1975,31-7512027,2948.00,30.10.2023,Fly
LN-MIG,SBLim-2,WSK-PZL Mielec,1952,1A01004,5600.00,24.11.2020,Fly
LN-MIL,112,Rockwell International,1976,452,1200.00,03.08.2007,Fly
LN-MJJ,B200GT,Textron Aviation Inc.,2017,BY-298,5670.00,20.12.2024,Fly
LN-MLM,PA-32R-301 Saratoga II HP,"Piper Aircraft, Inc.",1999,3246141,1633.00,13.01.2020,Fly
LN-MOK,182,Textron Aviation Inc.,1956,182-33768,1157.00,26.01.1990,Fly
LN-MOM,PA-28-180,"Piper Aircraft, Inc.",1967,28-3981,1090.00,11.08.1983,Fly
LN-MPS,FR172 J,Textron Aviation Inc.,1973,FR17200373,1157.00,11.02.2013,Fly
LN-MTE,182N,Textron Aviation Inc.,1970,182-60245,1338.00,11.04.1984,Fly
LN-MTF,R182,Textron Aviation Inc.,1978,R182-00551,1406.00,30.07.1987,Fly
LN-MTH,F172 N,Textron Aviation Inc.,1979,172-72201,1043.00,11.05.1994,Fly
LN-MTM,172P,Textron Aviation Inc.,1981,172-74333,1089.00,07.12.1987,Fly
LN-MTT,172M,Textron Aviation Inc.,1975,172-63835,1043.00,24.02.1988,Fly
LN-MTU,172P,Textron Aviation Inc.,1982,172-75510,1089.00,22.08.1990,Fly
LN-MTX,172P,Textron Aviation Inc.,1981,172-74671,1089.00,02.05.1988,Fly
LN-NAB,PA-31,"Piper Aircraft, Inc.",1980,31-8012029,3100.00,08.03.1994,Fly
LN-NAE,177RG,Textron Aviation Inc.,1976,177RG-1009,1270.00,22.06.1977,Fly
LN-NAG,PA-28-161,"Piper Aircraft, Inc.",1978,28-7816376,1055.00,05.06.1978,Fly
LN-NAH,PA-28-181,"Piper Aircraft, Inc.",1976,28-7690194,1157.00,04.06.1976,Fly
LN-NAQ,PA-28-181,"Piper Aircraft, Inc.",1976,28-7790302,1157.00,30.03.1977,Fly
LN-NAR,PA-28-161,"Piper Aircraft, Inc.",1976,28-7716054,1055.00,28.04.1977,Fly
LN-NAV,PA-18-90,"Piper Aircraft, Inc.",1951,18-1342,680.00,21.05.1975,Fly
LN-NAZ,PA-28-161,"Piper Aircraft, Inc.",1977,28-7816220,1055.00,13.04.1978,Fly
LN-NCC,De Havilland DHC-2 ,Viking Air Ltd.,1956,1167,2520.00,23.12.2010,Fly
LN-NEZ,DA 40 D,Diamond Aircraft Industries GmbH,2003,D4.065,1150.00,10.10.2003,Fly
LN-NFA,182Q,Textron Aviation Inc.,1978,182-66169,1406.00,10.02.1993,Fly
LN-NFD,A185F,Textron Aviation Inc.,1981,185-04152,1520.00,03.09.1981,Fly
LN-NFG,172P,Textron Aviation Inc.,1980,172-74277,1089.00,01.07.1983,Fly
LN-NFS,AA-5B,Grumman American Aviation Corporation,1980,AA5B-1208,1089.00,19.02.1986,Fly
LN-NFW,F172 N,Reims Aviation S.A.,1978,F172-1683,1043.00,29.05.1985,Fly
LN-NFX,172P,Textron Aviation Inc.,1981,172-74239,1089.00,11.09.1987,Fly
LN-NGD,737-8JP,The Boeing Company,2012,39049,78999.00,08.12.2021,Fly
LN-NGK,737-8JP,The Boeing Company,2013,39022,78999.00,16.12.2021,Fly
LN-NGM,737-8JP,The Boeing Company,2013,39024,78999.00,20.03.2019,Fly
LN-NGZ,737-8JP,The Boeing Company,2014,41127,78999.00,30.07.2014,Fly
LN-NHA,737-8JP,The Boeing Company,2014,41129,78999.00,09.09.2014,Fly
LN-NHE,737-8JP,The Boeing Company,2015,41136,78999.00,16.12.2021,Fly
LN-NHG,737-8JP,The Boeing Company,2015,41139,78999.00,16.12.2021,Fly
LN-NIB,737-86J,The Boeing Company,2011,36879,78999.00,20.10.2011,Fly
LN-NIG,737-8JP,The Boeing Company,2014,43878,78999.00,16.10.2014,Fly
LN-NIH,737-8JP,The Boeing Company,2014,43879,78999.00,26.11.2014,Fly
LN-NII,737-8JP,The Boeing Company,2014,43877,78999.00,16.12.2014,Fly
LN-NIK,737-8FZ,The Boeing Company,2010,29659,79015.00,23.03.2022,Fly
LN-NIL,737-8KN,The Boeing Company,2010,40237,79015.00,14.03.2022,Fly
LN-NIM,737-8KN,The Boeing Company,2010,40240,79015.00,07.03.2022,Fly
LN-NIN,737-81M,The Boeing Company,2007,30721,79015.00,21.02.2022,Fly
LN-NIO,737-81M,The Boeing Company,2008,35284,79015.00,17.03.2022,Fly
LN-NIP,737-86N,The Boeing Company,2013,38044,79015.00,06.07.2022,Fly
LN-NIQ,737-86N,The Boeing Company,2011,39403,79015.00,30.08.2022,Fly
LN-NKF,172R,Textron Aviation Inc.,2008,17281520,1111.00,10.07.2008,Fly
LN-NOD,737-8Q8,The Boeing Company,2008,35280,78999.00,04.06.2021,Fly
LN-NOK,PA-18-150,"Piper Aircraft, Inc.",1990,1809054,794.00,20.02.1996,Fly
LN-NPK,172B,Textron Aviation Inc.,1961,172-48518,998.00,07.10.1966,Fly
LN-NPO,PA-28-181,"Piper Aircraft, Inc.",1980,28-8090012,1157.00,27.03.1980,Fly
LN-NPQ,PA-28-181,"Piper Aircraft, Inc.",1978,28-7890340,1157.00,19.06.1978,Fly
LN-NPR,PA-28R-201,"Piper Aircraft, Inc.",1978,28R7837247,1247.00,28.09.1978,Fly
LN-NPT,PA-28-140,"Piper Aircraft, Inc.",1967,28-22832,976.00,05.05.1967,Fly
LN-NPW,PA-28-140,"Piper Aircraft, Inc.",1967,28-22917,975.00,29.05.1967,Fly
LN-NRA,AT01-100,AQUILA Aviation GmbH,2014,A-313,750.00,13.05.2014,Fly
LN-NRC,AT01-100,AQUILA Aviation by Excellence AG,2018,A-352,750.00,22.03.2018,Fly
LN-NRF,172S,Cessna Aircraft Company,2005,172S9998,1157.00,08.03.2006,Fly
LN-NRO,172S,Textron Aviation Inc.,2009,172S11011,1157.00,25.01.2011,Fly
LN-NVK,152,Textron Aviation Inc.,1978,152-81089,758.00,10.06.1988,Fly
LN-NAA,U206F,Textron Aviation Inc.,1976,03199,1633.00,03.03.2008,Fly
LN-OAB,AS350B3,Airbus Helicopters,2017,8380,2250.00,12.05.2017,Helikopter
LN-OAD,R22 Beta,Robinson Helicopter Company,1998,2755,621.00,03.03.1998,Helikopter
LN-OAE,R44,Robinson Helicopter Company,1997,0397,1089.00,23.06.2009,Helikopter
LN-OAF,AS350B3,Airbus Helicopters,2013,7668,2250.00,30.06.2014,Helikopter
LN-OAN,AS350B3,Airbus Helicopters,1999,3199,2250.00,28.06.1999,Helikopter
LN-OAP,269C-1,Schweizer Aircraft Corporation,1996,0057,794.00,05.08.1999,Helikopter
LN-OAQ,R44,Robinson Helicopter Company,2008,12623,1089.00,20.04.2009,Helikopter
LN-OAS,206B,Bell Helicopter Textron,1978,2369,1451.00,22.09.1999,Helikopter
LN-OAW,AS332L,Airbus Helicopters,1983,2053,8600.00,20.12.2013,Helikopter
LN-OBB,AS350B3,Airbus Helicopters,2001,3493,2250.00,23.01.2003,Helikopter
LN-OBC,Rotorway A600 Talon,RotorWay Helicopter MFG. CO.,2011,8039,680.00,16.07.2020,Helikopter
LN-OBD,AS350B2,Airbus Helicopters,2003,3650,2250.00,21.11.2007,Helikopter
LN-OBE,206B,Bell Helicopter Textron,1978,2550,1451.00,26.06.2025,Helikopter
LN-OBF,AS332L1,Airbus Helicopters,1992,2381,8600.00,22.03.2018,Helikopter
LN-OBG,206B,Bell Helicopter Textron,1976,2101,1451.00,26.06.2025,Helikopter
LN-OBH,Rotorway A600 Talon S,"Faye Lund, Petter Andreas",2011,8060,680.00,05.08.2011,Helikopter
LN-OBM,R44,Robinson Helicopter Company,1995,0197,1089.00,14.08.1995,Helikopter
LN-OBN,R44 II,Robinson Helicopter Company,2006,11094,1134.00,24.04.2006,Helikopter
LN-OBP,AS350B3,Airbus Helicopters,2002,3575,2250.00,17.07.2002,Helikopter
LN-OBR,EC120B,Airbus Helicopters,1999,1064,1715.00,19.01.2000,Helikopter
LN-OBV,BO105 C,Airbus Helicopters Deutschland GmbH,1987,S-680,2500.00,15.04.2003,Helikopter
LN-OBX,AS332C,Airbus Helicopters,1980,2001,8600.00,11.12.2003,Helikopter
LN-OCD,EC120B,Airbus Helicopters,2007,1492,1715.00,06.05.2019,Helikopter
LN-OCF,206B,Bell Helicopter Textron,1980,2949,1451.00,08.06.2021,Helikopter
LN-OCK,SE 3130 Alouette II,"Johansen, Kåre Jan",1959,1268,1497.00,04.04.2005,Helikopter
LN-OCL,R44 II,Robinson Helicopter Company,2009,12630,1134.00,20.04.2009,Helikopter
LN-OCM,SE 313B Alouette II,Airbus Helicopters,1960,1507,1497.00,30.07.2015,Helikopter
LN-OCW,AS350B3,Airbus Helicopters,2005,3942,2250.00,20.06.2005,Helikopter
LN-OCZ,AS350B3,Airbus Helicopters,2019,8690,2250.00,05.04.2019,Helikopter
LN-ODD,R44 II,Robinson Helicopter Company,2025,14836,1134.00,02.04.2025,Helikopter
LN-ODE,SA 342 M,Aérospatiale,1983,4032,1900.00,11.06.2021,Helikopter
LN-ODG,269C,Schweizer Aircraft Corporation,1988,S 1316,928.00,20.07.2000,Helikopter
LN-ODI,SE 3130 Alouette II,Süd-Aviation,1962,1718,1600.00,08.12.2020,Helikopter
LN-ODL,AW139,Leonardo S.p.A.,2018,31805,6800.00,28.05.2018,Helikopter
LN-ODM,AW139,Leonardo S.p.A.,2018,31810,6800.00,08.06.2018,Helikopter
LN-ODS,AS350B3,Airbus Helicopters,2002,3601,2250.00,23.08.2002,Helikopter
LN-ODV,R44 II,Robinson Helicopter Company,2008,12228,1134.00,08.10.2008,Helikopter
LN-ODY,AS350B3,Airbus Helicopters,2024,9568,2250.00,21.03.2024,Helikopter
LN-ODZ,EC130B4,Airbus Helicopters,2008,4486,2427.00,26.05.2008,Helikopter
LN-OEA,AW189,Leonardo S.p.A.,2025,49111,8600.00,02.07.2025,Helikopter
LN-OEB,AW189,Leonardo S.p.A.,2025,49114,8600.00,06.10.2025,Helikopter
LN-OEF,R44,Robinson Helicopter Company,1996,0239,1089.00,27.08.1996,Helikopter
LN-OEM,EXEC 162F,Homebuilt,,6966,680.00,17.09.2008,Helikopter
LN-OFD,AS350B3,Airbus Helicopters,2014,7796,2250.00,21.07.2014,Helikopter
LN-OFE,AS350B3,Airbus Helicopters,2015,8065,2250.00,09.03.2015,Helikopter
LN-OFP,R44 II,Robinson Helicopter Company,2008,12561,1134.00,18.04.2011,Helikopter
LN-OFV,AS350B3,Airbus Helicopters,2019,8723,2250.00,11.06.2019,Helikopter
LN-OGA,AS350B3,Airbus Helicopters,2020,8843,2250.00,02.06.2020,Helikopter
LN-OGE,AS350B3,Airbus Helicopters,2020,8880,2250.00,21.07.2020,Helikopter
LN-OGH,AS350B3,Airbus Helicopters,2020,8882,2250.00,21.07.2020,Helikopter
LN-OGJ,R44 II,Robinson Helicopter Company,2005,10657,1134.00,17.03.2005,Helikopter
LN-OGK,R44 II,Robinson Helicopter Company,2008,12236,1134.00,21.04.2008,Helikopter
LN-OGL,AS350B3,Airbus Helicopters,2004,3792,2250.00,19.04.2004,Helikopter
LN-OGM,R44 II,Robinson Helicopter Company,2005,10731,1134.00,02.11.2006,Helikopter
LN-OGP,AS350B3,Airbus Helicopters,2020,8891,2250.00,21.07.2020,Helikopter
LN-OGQ,AS350B3,Airbus Helicopters,2021,8956,2250.00,24.03.2021,Helikopter
LN-OGS,R44,Robinson Helicopter Company,2006,1685,1089.00,03.07.2007,Helikopter
LN-OGV,AS350BA,Airbus Helicopters,1978,1030,2100.00,25.09.2007,Helikopter
LN-OGW,AS350B3,Airbus Helicopters,2021,8988,2250.00,24.06.2021,Helikopter
LN-OIA,S-92A,Sikorsky Aircraft Corporation,2012,920174,12020.00,14.12.2017,Helikopter
LN-OIB,S-92A,Sikorsky Aircraft Corporation,2011,920159,12020.00,17.03.2017,Helikopter
LN-OIC,S-92A,Sikorsky Aircraft Corporation,2013,920197,12020.00,23.03.2017,Helikopter
LN-OID,S-92A,Sikorsky Aircraft Corporation,2015,920282,12020.00,28.03.2017,Helikopter
LN-OIE,S-92A,Sikorsky Aircraft Corporation,2013,920166,12020.00,08.05.2018,Helikopter
LN-OIF,S-92A,Sikorsky Aircraft Corporation,2012,920176,12020.00,01.02.2018,Helikopter
LN-OIG,S-92A,Sikorsky Aircraft Corporation,2013,920200,12020.00,16.01.2018,Helikopter
LN-OIH,S-92A,Sikorsky Aircraft Corporation,2013,920196,12020.00,01.07.2021,Helikopter
LN-OII,S-92A,Sikorsky Aircraft Corporation,2014,920224,12020.00,30.06.2021,Helikopter
LN-OIJ,S-92A,Sikorsky Aircraft Corporation,2012,920169,12020.00,30.01.2023,Helikopter
LN-OIK,S-92A,Sikorsky Aircraft Corporation,2016,920296,12020.00,07.03.2023,Helikopter
LN-OIM,S-92A,Sikorsky Aircraft Corporation,2017,920301,12020.00,20.02.2023,Helikopter
LN-OIN,S-92A,Sikorsky Aircraft Corporation,2009,920126,12020.00,27.06.2023,Helikopter
LN-OJJ,IAR 316B Alouette III,IAR / Kåre Jan Johansen,1973,12,1990.00,23.12.2010,Helikopter
LN-OJS,SA 315B,"Johansen, Kåre Jan",2020,KJJ002,1990.00,10.12.2020,Helikopter
LN-OKA,R44 II,Robinson Helicopter Company,1997,11677,1134.00,09.05.2008,Helikopter
LN-OKB,R44 II,Robinson Helicopter Company,2008,12381,1134.00,29.07.2008,Helikopter
LN-OKC,R44,Robinson Helicopter Company,2000,0868,1089.00,17.02.2022,Helikopter
LN-OKD,R44,Robinson Helicopter Company,2002,1196,1089.00,17.02.2022,Helikopter
LN-OKI,R44 II,Robinson Helicopter Company,2008,12150,1134.00,07.03.2008,Helikopter
LN-OKK,R44 II,Robinson Helicopter Company,2006,11279,1134.00,28.06.2006,Helikopter
LN-OKN,SE 3130 Alouette II,Airbus Helicopters,1963,1842,1497.00,26.01.2016,Helikopter
LN-OKV,SE 3130 Alouette II,Sud Aviation,1957,1128,1497.00,14.07.2005,Helikopter
LN-OLA,AW139,Leonardo S.p.A.,2025,32120,7000.00,08.08.2025,Helikopter
LN-OLB,AW139,Leonardo S.p.A.,2025,32123,7000.00,14.10.2025,Helikopter
LN-OLC,AW139,Leonardo S.p.A.,2025,32108,7000.00,01.07.2025,Helikopter
LN-OLD,AW139,Leonardo S.p.A.,2025,32110,7000.00,28.11.2025,Helikopter
LN-OLE,AW139,Leonardo S.p.A.,2026,32125,7000.00,14.01.2026,Helikopter
LN-OLG,AS350B2,Airbus Helicopters,1989,2198,2250.00,12.04.1994,Helikopter
LN-OLH,206B,Bell Helicopter Textron,1974,1491,1451.00,05.09.2024,Helikopter
LN-OLI,A109E,Leonardo S.p.A.,2002,11204,2850.00,31.10.2002,Helikopter
LN-OLK,AW139,AgustaWestland Philadelphia Corporation (AWPC),2019,41545,7000.00,19.08.2019,Helikopter
LN-OLR,AS332L1,Airbus Helicopters,1991,2332,8600.00,02.01.2014,Helikopter
LN-OLV,AW139,Leonardo S.p.A.,2017,31765,7000.00,16.04.2024,Helikopter
LN-OMA,SE 3130 Alouette II,Airbus Helicopters,1962,1655,1497.00,22.11.2019,Helikopter
LN-OMC,SA 315B,Aérospatiale,2022,CAM001,1950.00,05.08.2022,Helikopter
LN-OMF,AS332L,Airbus Helicopters,1983,2067,8600.00,19.05.2004,Helikopter
LN-OMI,S-92A,Sikorsky Aircraft Corporation,2015,920287,12020.00,05.05.2020,Helikopter
LN-OML,505,Bell Textron Canada Ltd.,2018,65129,1669.00,19.08.2021,Helikopter
LN-OMM,AS350B3,Airbus Helicopters,2022,9220,2250.00,12.05.2022,Helikopter
LN-OMN,269C,Schweizer Aircraft Corporation,1991,S-1573,928.00,19.07.2021,Helikopter
LN-OMP,AS350B3,Airbus Helicopters,2023,9408,2250.00,21.04.2023,Helikopter
LN-OMR,EC120B,Airbus Helicopters,2001,1249,1715.00,27.01.2023,Helikopter
LN-OMX,AS332L1,Airbus Helicopters,1991,2351,8600.00,06.06.1996,Helikopter
LN-ONA,S-92A,Sikorsky Aircraft Corporation,2011,920144,12020.00,09.09.2011,Helikopter
LN-ONB,S-92A,Sikorsky Aircraft Corporation,2011,920145,12020.00,09.09.2011,Helikopter
LN-ONC,S-92A,Sikorsky Aircraft Corporation,2011,920148,12020.00,07.11.2011,Helikopter
LN-OND,S-92A,Sikorsky Aircraft Corporation,2008,920088,12020.00,13.08.2012,Helikopter
LN-ONE,S-92A,Sikorsky Aircraft Corporation,2013,920213,12020.00,30.01.2014,Helikopter
LN-ONH,S-92A,Sikorsky Aircraft Corporation,2008,920094,12020.00,05.09.2016,Helikopter
LN-ONM,S-92A,Sikorsky Aircraft Corporation,2014,920228,12020.00,12.08.2016,Helikopter
LN-ONO,S-92A,Sikorsky Aircraft Corporation,2005,920012,12020.00,10.03.2005,Helikopter
LN-ONP,S-92A,Sikorsky Aircraft Corporation,2005,920025,12020.00,13.12.2005,Helikopter
LN-ONT,S-92A,Sikorsky Aircraft Corporation,2007,920070,12020.00,26.02.2008,Helikopter
LN-ONU,AS350B3,Airbus Helicopters,2024,9660,2250.00,29.11.2024,Helikopter
LN-ONV,S-92A,Sikorsky Aircraft Corporation,2008,920092,12020.00,21.06.2024,Helikopter
LN-ONW,S-92A,Sikorsky Aircraft Corporation,2008,920090,12020.00,05.11.2010,Helikopter
LN-ONY,S-92A,Sikorsky Aircraft Corporation,2010,920124,12020.00,26.08.2016,Helikopter
LN-OOA,MBB-BK117 D-3,Airbus Helicopters Deutschland GmbH,2020,21001,3800.00,30.09.2020,Helikopter
LN-OOB,MBB-BK117 D-3,Airbus Helicopters Deutschland GmbH,2014,20021,3800.00,22.12.2014,Helikopter
LN-OOO,MBB-BK117 D-2,Airbus Helicopters Deutschland GmbH,2017,20160,3700.00,28.11.2017,Helikopter
LN-OOR,MBB-BK117 D-3,Airbus Helicopters Deutschland GmbH,2018,20197,3800.00,07.03.2018,Helikopter
LN-OOT,MBB-BK117 D-2,Airbus Helicopters Deutschland GmbH,2018,20200,3700.00,20.03.2018,Helikopter
LN-OOU,MBB-BK117 D-3,Airbus Helicopters Deutschland GmbH,2018,20202,3800.00,16.04.2018,Helikopter
LN-OOV,EC135P3,Airbus Helicopters Deutschland GmbH,2014,1168,2980.00,31.07.2014,Helikopter
LN-OOX,MBB-BK117 D-2,Airbus Helicopters Deutschland GmbH,2018,20205,3700.00,26.04.2018,Helikopter
LN-OOZ,EC135P3,Airbus Helicopters Deutschland GmbH,2014,1170,2980.00,31.07.2014,Helikopter
LN-OPA,AW189,Leonardo S.p.A.,2025,49122,8600.00,16.12.2025,Helikopter
LN-OPL,AS332L1,Airbus Helicopters,2001,9002,8600.00,11.04.2019,Helikopter
LN-OPN,AS350B3,Airbus Helicopters,2006,4116,2250.00,19.07.2006,Helikopter
LN-OPP,R44 II,Robinson Helicopter Company,2004,10249,1134.00,28.07.2025,Helikopter
LN-OPR,205A-1,Bell Helicopter Textron,1975,30206,4309.00,12.03.2018,Helikopter
LN-OPS,R44 II,Robinson Helicopter Company,2018,14181,1134.00,17.04.2018,Helikopter
LN-OPV,AS350B2,Airbus Helicopters,1990,2378,2250.00,13.06.1995,Helikopter
LN-OPW,AS350B3,Airbus Helicopters,2006,4117,2250.00,19.07.2006,Helikopter
LN-OPX,AS332L1,Airbus Helicopters,2007,9009,8600.00,02.08.2007,Helikopter
LN-OQC,S-92A,Sikorsky Aircraft Corporation,2005,920018,12020.00,15.07.2005,Helikopter
LN-OQG,S-92A,Sikorsky Aircraft Corporation,2009,920095,12020.00,07.04.2009,Helikopter
LN-OQH,S-92A,Sikorsky Aircraft Corporation,2009,920097,12020.00,13.05.2009,Helikopter
LN-OQI,S-92A,Sikorsky Aircraft Corporation,2009,920098,12020.00,06.04.2009,Helikopter
LN-OQK,S-92A,Sikorsky Aircraft Corporation,2009,920117,12020.00,06.01.2010,Helikopter
LN-OQL,S-92A,Sikorsky Aircraft Corporation,2010,920132,12020.00,13.09.2010,Helikopter
LN-OQM,S-92A,Sikorsky Aircraft Corporation,2012,920186,12020.00,03.04.2013,Helikopter
LN-OQO,S-92A,Sikorsky Aircraft Corporation,2007,920060,12020.00,14.11.2019,Helikopter
LN-OQP,S-92A,Sikorsky Aircraft Corporation,2015,920253,12020.00,13.03.2015,Helikopter
LN-OQQ,S-92A,Sikorsky Aircraft Corporation,2017,920284,12020.00,08.09.2017,Helikopter
LN-OQR,S-92A,Sikorsky Aircraft Corporation,2017,920285,12020.00,01.08.2017,Helikopter
LN-OQS,S-92A,Sikorsky Aircraft Corporation,2016,920295,12020.00,20.11.2018,Helikopter
LN-OQT,S-92A,Sikorsky Aircraft Corporation,2015,920283,12020.00,12.03.2020,Helikopter
LN-OQU,S-92A,Sikorsky Aircraft Corporation,2014,920237,12020.00,23.12.2020,Helikopter
LN-OQV,S-92A,Sikorsky Aircraft Corporation,2011,920158,12020.00,04.03.2024,Helikopter
LN-OQX,S-92A,Sikorsky Aircraft Corporation,2012,920167,12020.00,27.01.2022,Helikopter
LN-OQY,S-92A,Sikorsky Aircraft Corporation,2012,920171,12020.00,25.02.2022,Helikopter
LN-ORA,AW169,Leonardo S.p.A.,2019,69089,4800.00,03.06.2019,Helikopter
LN-ORB,AW169,Leonardo S.p.A.,2019,69094,4800.00,03.06.2019,Helikopter
LN-ORC,AW169,Leonardo S.p.A.,2019,69096,4800.00,14.10.2019,Helikopter
LN-ORE,505,Bell Textron Canada Ltd.,2018,65080,1669.00,30.04.2025,Helikopter
LN-ORG,IAR 316B Alouette III,Airbus Helicopters,1973,11,2200.00,23.05.2008,Helikopter
LN-ORJ,AS350B1,Airbus Helicopters,1989,2212,2200.00,01.10.1993,Helikopter
LN-ORK,AS350BA,Airbus Helicopters,1979,1056,2100.00,10.09.1997,Helikopter
LN-ORO,AS350B3,Airbus Helicopters,2016,8229,2250.00,15.04.2016,Helikopter
LN-ORW,UH-1B,Bell Helicopter Textron,1964,64-13963,3856.00,30.08.1994,Helikopter
LN-OSI,BO105 S,Airbus Helicopters Deutschland GmbH,1982,S-609,2500.00,29.04.1988,Helikopter
LN-OSK,AS350B3,Airbus Helicopters,2023,9364,2250.00,21.04.2023,Helikopter
LN-OSM,AS350B2,Airbus Helicopters,2001,9041,2250.00,23.01.2017,Helikopter
LN-OSN,AS350B3,Airbus Helicopters,2008,4380,2250.00,29.02.2008,Helikopter
LN-OSR,EXEC 162F,Homebuilt,1998,6095,680.00,20.08.1999,Helikopter
LN-OSS,R44,Robinson Helicopter Company,2006,1617,1089.00,18.08.2006,Helikopter
LN-OTC,BO105 P,Messerschmitt-Bölkow-Blohm,1986,6124,2500.00,20.08.2020,Helikopter
LN-OTH,MBB-BK117 D-3,Airbus Helicopters Deutschland GmbH,2021,21026,3800.00,10.05.2021,Helikopter
LN-OTI,MBB-BK117 D-3,Airbus Helicopters Deutschland GmbH,2021,21050,3800.00,11.08.2021,Helikopter
LN-OTJ,MBB-BK117 D-3,Airbus Helicopters Deutschland GmbH,2021,21090,3800.00,16.12.2021,Helikopter
LN-OTK,MBB-BK117 D-3,Airbus Helicopters Deutschland GmbH,2024,21272,3800.00,18.03.2024,Helikopter
LN-OTL,206B,Bell Helicopter Textron,1968,234,1451.00,06.07.1998,Helikopter
LN-OTN,MBB-BK117 D-3,Airbus Helicopters Deutschland GmbH,2024,21284,3800.00,11.06.2024,Helikopter
LN-OTO,EC120B,Airbus Helicopters,1999,1034,1715.00,06.08.2008,Helikopter
LN-OTQ,MBB-BK117 D-3,Airbus Helicopters Deutschland GmbH,2024,21361,3800.00,19.12.2024,Helikopter
LN-OTS,MBB-BK117 D-3,Airbus Helicopters Deutschland GmbH,2025,21386,3800.00,23.04.2025,Helikopter
LN-OUD,EC135T3H,Airbus Helicopters Deutschland GmbH,2017,2029,2980.00,06.11.2017,Helikopter
LN-OUE,EC135T3H,Airbus Helicopters Deutschland GmbH,2017,2037,2980.00,13.12.2017,Helikopter
LN-OUF,EC135T3H,Airbus Helicopters Deutschland GmbH,2018,2046,2980.00,14.02.2018,Helikopter
LN-OUG,EC135T3H,Airbus Helicopters Deutschland GmbH,2018,2051,2980.00,04.04.2018,Helikopter
LN-OUH,EC135T3H,Airbus Helicopters Deutschland GmbH,2018,2055,2980.00,26.04.2018,Helikopter
LN-OUJ,EC135T3H,Airbus Helicopters Deutschland GmbH,2018,2056,2980.00,28.05.2018,Helikopter
LN-OUL,EC135T3H,Airbus Helicopters Deutschland GmbH,2024,2282,3100.00,30.01.2025,Helikopter
LN-OUM,EC135T3H,Airbus Helicopters Deutschland GmbH,2025,2290,3100.00,26.02.2025,Helikopter
LN-OUN,EC135T3H,Airbus Helicopters Deutschland GmbH,,2297,3100.00,27.02.2025,Helikopter
LN-OUS,Bell UH-1E,Bell Helicopter Textron,1967,6161,3855.00,18.05.2016,Helikopter
LN-OVA,AS350B3,Airbus Helicopters,2011,7149,2250.00,16.07.2013,Helikopter
LN-OVB,AS350B3,Airbus Helicopters,2015,8071,2250.00,01.04.2015,Helikopter
LN-OVE,AS350B3,Airbus Helicopters,2013,7605,2250.00,11.06.2013,Helikopter
LN-OVK,EC130B4,Airbus Helicopters,2004,3768,2427.00,13.05.2019,Helikopter
LN-OWE,AS350B3,Airbus Helicopters,2013,7578,2250.00,15.03.2013,Helikopter
LN-OWF,AS350B3,Airbus Helicopters,2013,7587,2250.00,11.04.2013,Helikopter
LN-OWG,AS350B3,Airbus Helicopters,2014,7858,2250.00,31.03.2014,Helikopter
LN-OWH,AS350B3,Airbus Helicopters,2016,8271,2250.00,29.06.2016,Helikopter
LN-OWK,EC130B4,Airbus Helicopters,2005,3935,2427.00,08.05.2019,Helikopter
LN-OXA,AS350B3,Airbus Helicopters,2007,4255,2250.00,31.05.2007,Helikopter
LN-OXB,AS350B3,Airbus Helicopters,2007,4258,2250.00,04.06.2007,Helikopter
LN-OXD,AS350B3,Airbus Helicopters,2007,4278,2250.00,02.07.2007,Helikopter
LN-OXF,AS350B3,Airbus Helicopters,2008,4105,2250.00,03.03.2014,Helikopter
LN-OXH,AW169,Leonardo S.p.A.,2017,69026,4800.00,15.06.2017,Helikopter
LN-OXI,AW169,Leonardo S.p.A.,2017,69030,4800.00,22.06.2017,Helikopter
LN-OXJ,AW169,Leonardo S.p.A.,2017,69035,4800.00,30.06.2017,Helikopter
LN-OXK,AW169,Leonardo S.p.A.,2026,69203,4800.00,10.02.2026,Helikopter
LN-OXO,AS350B3,Airbus Helicopters,2022,9241,2250.00,29.06.2022,Helikopter
LN-OXP,AS350B3,Airbus Helicopters,2023,9362,2250.00,28.03.2023,Helikopter
LN-OXQ,AS350B3,Airbus Helicopters,2023,9363,2250.00,28.03.2023,Helikopter
LN-OYA,EXEC 162F,RotorWay Helicopter MFG. CO.,2010,6994,680.00,22.06.2010,Helikopter
LN-OYB,AS350B3,Airbus Helicopters,2003,3673,2250.00,06.08.2009,Helikopter
LN-OYC,AS350B3,Airbus Helicopters,2003,3674,2250.00,03.11.2009,Helikopter
LN-OYE,AS350B3,Airbus Helicopters,2025,9763,2250.00,16.05.2025,Helikopter
LN-OYF,AS350B3,Airbus Helicopters,2025,9773,2250.00,09.07.2025,Helikopter
LN-OYG,205A-1,Bell Helicopter Textron,1970,30083,4309.00,07.06.2011,Helikopter
LN-OYI,AS350B3,Airbus Helicopters,2025,9793,2250.00,28.07.2025,Helikopter
LN-OYJ,AS350B3,Airbus Helicopters,2025,9808,2250.00,05.09.2025,Helikopter
LN-OYK,R44 II,Robinson Helicopter Company,2007,11884,1134.00,20.05.2019,Helikopter
LN-OYL,EC120B,Airbus Helicopters,2000,1109,1715.00,25.06.2019,Helikopter
LN-OYN,AS350B3,Airbus Helicopters,2026,9882,2250.00,22.01.2026,Helikopter
LN-OYO,AS350B3,Airbus Helicopters,2026,9896,2250.00,03.03.2026,Helikopter
LN-OYY,EC120B,Airbus Helicopters,2008,1562,1715.00,28.08.2008,Helikopter
LN-OZA,AS350B3,Airbus Helicopters,2016,8199,2250.00,25.08.2025,Helikopter
LN-OZC,R44 II,Robinson Helicopter Company,2006,11520,1134.00,27.11.2006,Helikopter
LN-OZD,R44,Robinson Helicopter Company,2007,1730,1089.00,28.03.2019,Helikopter
LN-OZG,EC135T2+,Airbus Helicopters Deutschland GmbH,2004,0341,2910.00,16.02.2021,Helikopter
LN-OZM,R44,Robinson Helicopter Company,2008,1989,1089.00,16.04.2019,Helikopter
LN-OZT,R44,Robinson Helicopter Company,2025,30104,998.00,17.07.2025,Helikopter
LN-OZY,R44 II,Robinson Helicopter Company,2015,13800,1134.00,17.04.2015,Helikopter
LN-OZZ,R44 II,Robinson Helicopter Company,2007,11730,1134.00,14.05.2007,Helikopter
LN-OAA,SA 313B,"Johansen, Kåre Jan",1959,KJJ001,1600.00,03.01.2020,Helikopter
LN-PAP,"Arion Aircraft, Lightning",Per Frithjof Pfeffer,2016,156,700.00,18.05.2015,Fly
LN-PER,T207A,Textron Aviation Inc.,1977,207-00370,1814.00,06.10.2011,Fly
LN-PFA,DA 40 NG,"Diamond Aircraft Industries, Inc.",2018,40.NC015,1310.00,29.06.2018,Fly
LN-PFB,DA 40 NG,"Diamond Aircraft Industries, Inc.",2018,40.NC016,1310.00,29.06.2018,Fly
LN-PFD,DA 42 NG,Diamond Aircraft Industries GmbH,2019,42.N366,1999.00,07.05.2019,Fly
LN-PFE,DA 42 NG,Diamond Aircraft Industries GmbH,2019,42.N367,1999.00,13.05.2019,Fly
LN-PFF,DA 42 NG,Diamond Aircraft Industries GmbH,2019,42.N368,1999.00,11.06.2019,Fly
LN-PFG,DA 42 NG,Diamond Aircraft Industries GmbH,2019,42.N369,1999.00,11.06.2019,Fly
LN-PFH,DA 40 NG,Diamond Aircraft Industries GmbH,2019,40.N412,1310.00,27.05.2019,Fly
LN-PFK,DA 40 NG,Diamond Aircraft Industries GmbH,2019,40.N415,1310.00,17.06.2019,Fly
LN-PFL,DA 42 NG,Diamond Aircraft Industries GmbH,2019,42.N374,1999.00,26.08.2019,Fly
LN-PFN,DA 42 NG,Diamond Aircraft Industries GmbH,2020,42.N256,1999.00,22.10.2020,Fly
LN-PFX,Harvard 4,Canadian Car and Foundry CO,1952,CCF4-194,2605.00,26.08.2016,Fly
LN-PIP,112TC,"CPAC, Inc.",1976,13002,1293.00,05.01.2012,Fly
LN-PLO,RC-3,Republic Aviation Corporation,1947,813,1429.00,01.07.2010,Fly
LN-PMN,DA20-C1,"Diamond Aircraft Industries, Inc.",2006,C0365,750.00,27.07.2006,Fly
LN-PNB,PA-31,"Piper Aircraft, Inc.",1970,31-609,3100.00,15.03.2012,Fly
LN-PST,DH-82A,DeHavilland Aircraft Co. LTD,,86320,828.00,12.02.2025,Fly
LN-PWA,172R,Textron Aviation Inc.,1997,172-80168,1134.00,02.10.1997,Fly
LN-RAF,RV-4,"Undheim, Karl",1991,1553,680.00,07.05.1992,Fly
LN-RAL,F172H,Textron Aviation Inc.,1970,F172-0676,1043.00,20.03.1989,Fly
LN-RAP,L-4J,"Piper Aircraft, Inc.",1944,12583,553.00,24.06.1992,Fly
LN-RAR,Bellanca 7GCBC,American Champion Aircraft Corporation,1980,1209-80,816.00,27.06.1984,Fly
LN-RBI,J3C-65,"Piper Aircraft, Inc.",1998,12640,553.00,03.02.1997,Fly
LN-RDY,DHC-8-402,De Havilland Aircraft of Canada Limited,2002,4062,29574.20,09.03.2012,Fly
LN-RDZ,DHC-8-402,De Havilland Aircraft of Canada Limited,2002,4063,29574.20,29.03.2012,Fly
LN-REB,PL4-A,Pazmany Aircraft Corporation,1992,682,385.00,20.07.2012,Fly
LN-RED,R2160,Alpha Aviation Manufacturing Ltd,1994,271,900.00,04.12.2012,Fly
LN-REV,Lancair 360 MKII,Lancair International ,2018,816,812.00,28.09.2018,Fly
LN-RFK,172S,Textron Aviation Inc.,2000,172S8641,1157.00,23.06.2011,Fly
LN-RGL,A320-251N,Airbus,2016,7290,77000.00,24.10.2016,Fly
LN-RGM,A320-251N,Airbus,2016,7277,77000.00,12.12.2016,Fly
LN-RGN,A320-251N,Airbus,2016,7341,77000.00,05.12.2016,Fly
LN-RGO,A320-251N,Airbus,2016,7352,77000.00,19.12.2016,Fly
LN-RHV,RV-4,"Van`s Aircraft, inc.",2004,656,680.00,29.09.2008,Fly
LN-RIS,AG-5B,True Flight Holdings LLC,1992,10107,1089.00,03.06.2013,Fly
LN-RKG,A340-313,Airbus,2001,424,275000.00,30.11.2001,Fly
LN-RKM,A330-343,Airbus,2002,496,233000.00,16.10.2012,Fly
LN-RKN,A330-343,Airbus,,568,233000.00,13.11.2012,Fly
LN-RKO,A330-343,Airbus,2003,0515,233000.00,11.01.2013,Fly
LN-RKR,A330-343,Airbus,2015,1660,242000.00,17.09.2015,Fly
LN-RKS,A330-343,Airbus,2015,1665,242000.00,28.09.2015,Fly
LN-RKT,A330-343,Airbus,2016,1697,242000.00,29.01.2016,Fly
LN-RKU,A330-343,Airbus,2016,1715,242000.00,07.04.2016,Fly
LN-RME,VP-mk2,Evans Aircraft Company,,V2-1147,500.00,03.10.2008,Fly
LN-RNO,737-700,The Boeing Company,2000,28316,64999.00,13.10.2005,Fly
LN-RPJ,737-700,The Boeing Company,2000,30192,64999.00,03.03.2000,Fly
LN-RRR,680A,Textron Aviation Inc.,2025,0433,13970.00,04.06.2025,Fly
LN-RTB,PA-19,"Piper Aircraft, Inc.",1951,18-1593,680.00,09.07.1969,Fly
LN-RTH,PA-18-105,"Piper Aircraft, Inc.",1951,18-1408,680.00,13.06.1983,Fly
LN-RTK,AA-5A,Gulfstream American Corporation,1978,AA5A-0766,999.00,18.01.2021,Fly
LN-RTO,Falcon 2000EX,Dassault Aviation,2017,334,19414.00,29.08.2017,Fly
LN-RVA,RV-4,"Van`s Aircraft, inc.",1998,2714,680.00,14.04.2021,Fly
LN-RVK,PA-31-350,"Piper Aircraft, Inc.",1984,31-8452004,3342.00,25.03.2022,Fly
LN-RVL,SR 22T,Cirrus Design Corporation,2011,150,1542.00,07.06.2011,Fly
LN-RVS,RV-7,"Van`s Aircraft, inc.",2010,72595,862.00,24.03.2010,Fly
LN-RWN,AERO Vodochody / L-29 Delfin,Aero Vodochody a.s.,1969,893019,3550.00,12.06.2018,Fly
LN-RAA,182P,Textron Aviation Inc.,1973,182-62731,1338.00,10.01.1986,Fly
LN-SAC,T337G,Textron Aviation Inc.,1974,P337-0169,2130.00,29.08.1974,Fly
LN-SAD,MFI-15-200A,SAAB-Scania AB,1977,15.814,1200.00,10.06.1983,Fly
LN-SAE,A320-251N,Airbus,2026,13090,77000.00,12.03.2026,Fly
LN-SAI,L-4J,"Piper Aircraft, Inc.",1944,12579,531.00,18.03.1982,Fly
LN-SAL,91B,SAAB-Scania AB,1954,91-286,1165.00,17.04.2024,Fly
LN-SAM,91B-2,SAAB-Scania AB,1957,91-342,1215.00,29.11.1982,Fly
LN-SAN,T206H,Textron Aviation Inc.,2025,T206-9800,1724.00,08.04.2025,Fly
LN-SAO,91B-2,SAAB-Scania AB,1957,91-344,1215.00,16.11.1984,Fly
LN-SAP,91B-2,SAAB-Scania AB,1957,91-333,1215.00,03.02.1997,Fly
LN-SAS,PZL-Koliber 150,"EADS PZL ""Warszawa-Okecie"" S.A.",1988,19005,850.00,22.06.1994,Fly
LN-SBA,RV-14A,"Van`s Aircraft, inc.",2023,140559,930.00,08.03.2023,Fly
LN-SDB,8KCAB,American Champion Aircraft Corporation,2008,1068-2008,885.00,26.04.2012,Fly
LN-SEA,T206H,Textron Aviation Inc.,2015,T20609186,1724.00,19.11.2015,Fly
LN-SFA,YAK-50,A.S. Yakovlev Design Bureau,1983,832409,910.00,25.07.2017,Fly
LN-SFK,182M,Textron Aviation Inc.,1969,182-59952,1270.00,27.03.1990,Fly
LN-SIA,S-1A,Interstate Aircraft and Engineering Corporation,1942,220,544.00,06.04.2022,Fly
LN-SKJ,Europa XS,Europa Aircraft,2006,A225,658.00,11.09.2007,Fly
LN-SLK,Slick 360,Selwyn Levin,2006,360-0605,775.00,18.06.2014,Fly
LN-SMB,RV-8,"Van`s Aircraft, inc.",2012,82240,816.00,14.06.2011,Fly
LN-SMF,DA 42 NG,Diamond Aircraft Industries GmbH,2022,42.N466,1999.00,06.10.2022,Fly
LN-SMT,TB 20,SOCATA,1988,761,1400.00,09.03.2006,Fly
LN-SNX,Sonex A,Sonex LLC,2023,1571,522.00,07.08.2023,Fly
LN-STB,BD100-1A10,Bombardier Inc.,2016,20639,18416.00,12.09.2016,Fly
LN-STC,F156A-1,Fieseler Werke Gmbh,1944,2088,1490.00,07.02.2019,Fly
LN-STE,Europa XS,Europa Aircraft,2006,556,658.00,01.06.2007,Fly
LN-STF,CF-104D,Bombardier Inc.,1963,104637,13171.00,11.02.2013,Fly
LN-SUZ,B200,Textron Aviation Inc.,1996,BB-1547,5670.00,10.04.2003,Fly
LN-SXY,Lancair 360,Neico Aviation Inc,1993,630,807.00,22.03.1994,Fly
LN-SAA,680A,Textron Aviation Inc.,2018,680A0155,13970.00,15.05.2019,Fly
LN-TBL,TB 10,SOCATA,1992,1449,1150.00,19.10.2011,Fly
LN-TBM,TBM700 B,SOCATA,1998,137,2984.00,08.02.2022,Fly
LN-TBN,Christen Eagle II,MPL Aviation LT,1991,S308,725.00,18.06.2021,Fly
LN-TED,U206F,Textron Aviation Inc.,1973,U20602173,1633.00,19.07.2022,Fly
LN-TEI,Falco F.8L,Kim L. Mitchell,1998,1144,820.00,30.11.2016,Fly
LN-TEK,U206F,Textron Aviation Inc.,1975,U206-02858,1633.00,07.11.1986,Fly
LN-TEP,U206G,Textron Aviation Inc.,1979,U206-05186,1633.00,24.09.1979,Fly
LN-TER,208B,Textron Aviation Inc.,2020,208B5594,3969.00,17.04.2020,Fly
LN-TET,J3C-65,"Piper Aircraft, Inc.",1946,18020,553.00,08.03.1982,Fly
LN-TEX,T-6G,North American Aviation Inc.,1944,14A-2268,2404.00,03.08.1979,Fly
LN-TFA,200,Textron Aviation Inc.,1981,BB-797,5670.00,19.12.2022,Fly
LN-TFK,172S,Textron Aviation Inc.,2004,172S9591,1157.00,23.06.2011,Fly
LN-TFQ,PA-28-181,"Piper Aircraft, Inc.",1999,2843265,1157.00,10.08.1999,Fly
LN-TFS,PA-28-181,"Piper Aircraft, Inc.",1999,2843273,1157.00,18.10.1999,Fly
LN-TFU,PA-28-181,"Piper Aircraft, Inc.",1999,2843285,1157.00,16.11.1999,Fly
LN-TFV,PA-28-181,"Piper Aircraft, Inc.",1999,2843293,1157.00,22.11.1999,Fly
LN-TLH,T206H,Textron Aviation Inc.,1999,T206-08159,1724.00,15.12.2008,Fly
LN-TMJ,PA-46R-350T,"Piper Aircraft, Inc.",2009,4692125,1969.00,11.09.2019,Fly
LN-TOM,PA-18,"Piper Aircraft, Inc.",1951,18-1472,680.00,29.09.2008,Fly
LN-TRA,182T,Textron Aviation Inc.,2012,18282316,1406.00,23.03.2012,Fly
LN-TRB,182T,Textron Aviation Inc.,2012,18282317,1406.00,16.04.2012,Fly
LN-TRC,182T,Textron Aviation Inc.,2012,18282318,1406.00,16.04.2012,Fly
LN-TRD,182T,Textron Aviation Inc.,2012,18282319,1406.00,16.04.2012,Fly
LN-TRE,182T,Textron Aviation Inc.,2011,18282290,1406.00,22.08.2014,Fly
LN-TRG,B200,Textron Aviation Inc.,2006,BB-1936,6087.00,23.06.2006,Fly
LN-TSB,182A,Textron Aviation Inc.,1956,182-33977,1202.00,22.06.1957,Fly
LN-TSE,150F,Cessna Aircraft Company,1965,150-62137,726.00,24.08.1966,Fly
LN-TSN,UC-64A,Noorduyn Aviation,1944,44-70515,3311.00,14.03.2016,Fly
LN-TSP,180B,Textron Aviation Inc.,1958,180-50262,1202.00,02.09.1959,Fly
LN-TST,177A,Textron Aviation Inc.,1969,177-01343,1134.00,27.01.1983,Fly
LN-TSW,150E,Textron Aviation Inc.,1965,150-61451,726.00,14.09.1965,Fly
LN-TSX,PA-18,"Piper Aircraft, Inc.",1952,18-1545,680.00,11.02.1997,Fly
LN-TSZ,PA-19,"Piper Aircraft, Inc.",1953,18-1579,680.00,19.08.1969,Fly
LN-TTA,PA-31-350,"Piper Aircraft, Inc.",1982,31-8252076,3342.00,18.04.2018,Fly
LN-TTB,PA-31-350,"Piper Aircraft, Inc.",1982,31-8252077,3342.00,18.04.2018,Fly
LN-TUG,EuroFox 2K TOW,Aeropro s.r.o.,2024,69123,600.00,18.10.2024,Fly
LN-TVD,172D,Textron Aviation Inc.,1962,172-50004,1043.00,04.06.1963,Fly
LN-TVI,MFI 9 Junior,Malmö Flygindustri,1963,013,575.00,10.04.1987,Fly
LN-TWB,PA-31-325,"Piper Aircraft, Inc.",1982,31-8212025,2948.00,12.12.1989,Fly
LN-TWS,AG-5B,True Flight Holdings LLC,1992,10096,1089.00,22.10.2007,Fly
LN-UAV,P.68 C,Vulcanair S.p.A.,2017,501/C,2084.00,22.12.2021,Fly
LN-UAX,91B-2,SAAB-Scania AB,1957,91-343,1165.00,19.12.2019,Fly
LN-UCE,Carbon Cub EX,CubCrafters,2016,CCK-1865-0115,846.00,07.01.2019,Fly
LN-UFP,PA-28-161,"Piper Aircraft, Inc.",1979,28-7916470,1055.00,21.06.2005,Fly
LN-ULF,182P,Textron Aviation Inc.,1976,182-64448,1338.00,16.11.1999,Fly
LN-UPR,Z 242 L,ZLIN AIRCRAFT a.s.,2020,0837,1090.00,17.08.2020,Fly
LN-UPS,Z 242 L,ZLIN AIRCRAFT a.s.,2020,0838,1090.00,17.08.2020,Fly
LN-UPT,Z 242 L,ZLIN AIRCRAFT a.s.,2020,0839,1090.00,17.08.2020,Fly
LN-UXA,PA-28-140,"Piper Aircraft, Inc.",1967,28-23020,975.00,27.06.1967,Fly
LN-UXK,PA-28-140,"Piper Aircraft, Inc.",1967,28-23263,976.00,12.08.1967,Fly
LN-VAR,Boeing A75N1,The Boeing Company,1943,75-7073,1338.00,18.12.2018,Fly
LN-VEL,SR 22,Cirrus Design Corporation,2017,4451,1633.00,29.11.2017,Fly
LN-VIA,172S,Textron Aviation Inc.,1999,172S8679,1157.00,03.09.2018,Fly
LN-VIF,180H,Textron Aviation Inc.,1969,180-52004,1270.00,31.05.1969,Fly
LN-VIG,VARI-EZE,Rutan Aircraft Factory INC,1981,1879,476.00,08.09.1981,Fly
LN-VOF,F177RG,Reims Aviation S.A.,1972,0043,1270.00,29.03.2022,Fly
LN-VYG,DH-82A,Morris Motor Ltd.,1944,DE282,828.00,27.05.2020,Fly
LN-VYN,U206E,Textron Aviation Inc.,1970,U206-01490,1633.00,16.04.1971,Fly
LN-WDF,DHC-8-402,De Havilland Aircraft of Canada Limited,2009,4244,29574.20,08.06.2009,Fly
LN-WDG,DHC-8-402,De Havilland Aircraft of Canada Limited,2009,4266,29574.20,31.08.2009,Fly
LN-WDH,DHC-8-402,De Havilland Aircraft of Canada Limited,2009,4273,29574.20,21.10.2009,Fly
LN-WDI,DHC-8-402,De Havilland Aircraft of Canada Limited,2009,4286,29574.20,15.01.2010,Fly
LN-WDJ,DHC-8-402,De Havilland Aircraft of Canada Limited,2010,4290,29574.20,25.01.2010,Fly
LN-WDK,DHC-8-402,De Havilland Aircraft of Canada Limited,2010,4337,29574.20,29.11.2010,Fly
LN-WDL,DHC-8-402,De Havilland Aircraft of Canada Limited,2011,4392,29574.20,23.12.2011,Fly
LN-WDM,DHC-8-402,De Havilland Aircraft of Canada Limited,2010,4296,29574.20,19.12.2022,Fly
LN-WDN,DHC-8-402,De Havilland Aircraft of Canada Limited,2010,4309,29574.20,18.04.2023,Fly
LN-WDO,DHC-8-402,De Havilland Aircraft of Canada Limited,2010,4314,29574.20,08.03.2023,Fly
LN-WDP,DHC-8-402,De Havilland Aircraft of Canada Limited,2010,4318,29574.20,07.11.2023,Fly
LN-WDR,DHC-8-402,De Havilland Aircraft of Canada Limited,2013,4439,29574.20,06.09.2023,Fly
LN-WDS,DHC-8-402,De Havilland Aircraft of Canada Limited,2013,4448,29574.20,01.12.2022,Fly
LN-WDT,DHC-8-402,De Havilland Aircraft of Canada Limited,2010,4289,29574.20,03.07.2023,Fly
LN-WDU,DHC-8-402,De Havilland Aircraft of Canada Limited,2010,4313,29574.20,16.01.2025,Fly
LN-WDV,DHC-8-402,De Havilland Aircraft of Canada Limited,2008,4198,29574.20,31.03.2025,Fly
LN-WEA,ERJ 190-300,Embraer S.A.,2018,19020009,56400.00,06.04.2018,Fly
LN-WEB,ERJ 190-300,Embraer S.A.,2018,19020010,56400.00,16.05.2018,Fly
LN-WEC,ERJ 190-300,Embraer S.A.,2018,19020011,56400.00,22.06.2018,Fly
LN-WFO,DHC-8-311,De Havilland Aircraft of Canada Limited,1997,493,19504.50,06.05.1998,Fly
LN-WFS,DHC-8-311,De Havilland Aircraft of Canada Limited,1999,535,19504.50,10.11.1999,Fly
LN-WFT,DHC-8-311,De Havilland Aircraft of Canada Limited,1999,532,19504.50,10.09.2004,Fly
LN-WIA,DHC-8-103,De Havilland Aircraft of Canada Limited,1993,359,15966.00,21.05.1993,Fly
LN-WIB,DHC-8-103,De Havilland Aircraft of Canada Limited,1993,360,15966.00,04.06.1993,Fly
LN-WIC,DHC-8-103,De Havilland Aircraft of Canada Limited,1993,367,15966.00,13.10.1993,Fly
LN-WID,DHC-8-103,De Havilland Aircraft of Canada Limited,1993,369,15966.00,05.11.1993,Fly
LN-WIE,DHC-8-103,De Havilland Aircraft of Canada Limited,1993,371,15966.00,21.01.1994,Fly
LN-WIF,DHC-8-103,De Havilland Aircraft of Canada Limited,1993,372,15966.00,21.01.1994,Fly
LN-WIG,DHC-8-103,De Havilland Aircraft of Canada Limited,1994,382,15966.00,27.06.1994,Fly
LN-WIH,DHC-8-103,De Havilland Aircraft of Canada Limited,1994,383,15966.00,15.07.1994,Fly
LN-WII,DHC-8-103,De Havilland Aircraft of Canada Limited,1994,384,15966.00,04.08.1994,Fly
LN-WIJ,DHC-8-103,De Havilland Aircraft of Canada Limited,1994,386,15966.00,27.09.1994,Fly
LN-WIL,DHC-8-103,De Havilland Aircraft of Canada Limited,1995,398,15966.00,27.03.1995,Fly
LN-WIM,DHC-8-103,De Havilland Aircraft of Canada Limited,1995,403,15966.00,06.06.1995,Fly
LN-WIN,DHC-8-103,De Havilland Aircraft of Canada Limited,1995,409,15966.00,25.08.1995,Fly
LN-WIO,DHC-8-103,De Havilland Aircraft of Canada Limited,1995,417,15966.00,08.12.1995,Fly
LN-WIR,DHC-8-103,De Havilland Aircraft of Canada Limited,1991,273,15966.00,05.12.1996,Fly
LN-WIT,DHC-8-103,De Havilland Aircraft of Canada Limited,1991,310,15966.00,10.03.2008,Fly
LN-WIU,DHC-8-103,De Havilland Aircraft of Canada Limited,1993,378,15966.00,06.01.2010,Fly
LN-WIV,DHC-8-103,De Havilland Aircraft of Canada Limited,1992,343,15966.00,30.03.2011,Fly
LN-WIW,DHC-8-103,De Havilland Aircraft of Canada Limited,1997,501,15966.00,27.09.2017,Fly
LN-WIX,DHC-8-103,De Havilland Aircraft of Canada Limited,2002,593,15966.00,21.12.2017,Fly
LN-WIY,DHC-8-103,De Havilland Aircraft of Canada Limited,1997,472,15966.00,21.03.2024,Fly
LN-WNB,MH-1521 Broussard,Max Holste,1956,16,2700.00,14.10.1994,Fly
LN-WNC,Nanchang CJ-6A,Nanchang aircraft manufacturing company,1988,4532008,1400.00,27.10.2022,Fly
LN-WND,C-53D,McDonnell Douglas Corporation,1942,11750,11430.00,30.07.1986,Fly
LN-WNH,AT-6D,North American Aviation Inc.,1943,88-14552,2404.00,16.07.1986,Fly
LN-WNJ,CASA 1.131 E-3B,"Construcciones Aeronauticas, S.A.",1960,312,720.00,03.03.2017,Fly
LN-WNN,Bleriot XI-2 ARTILLERIE,"Ellingsen, Øyvind Munch",2013,Craftlab B1,720.00,07.02.2014,Fly
LN-WNO,Cessna 305C Bird  Dog,Textron Aviation Inc.,1957,24568,1089.00,13.06.2000,Fly
LN-WNS,Fi 156C,Fieseler Werke Gmbh,1944,1816,1260.00,01.08.2012,Fly
LN-WOW,DA 42 NG,Diamond Aircraft Industries GmbH,2021,42.N442,1999.00,18.01.2022,Fly
LN-WSA,DHC-8-202,De Havilland Aircraft of Canada Limited,1996,435,16465.00,17.08.2012,Fly
LN-WSB,DHC-8-202,De Havilland Aircraft of Canada Limited,1996,440,16465.00,27.04.2012,Fly
LN-WSC,DHC-8-202,De Havilland Aircraft of Canada Limited,1996,441,16465.00,04.06.2012,Fly
LN-WSD,DHC-8-202,De Havilland Aircraft of Canada Limited,1996,427,16465.00,17.02.2025,Fly
LN-WTF,Turbo Shark 600 EXP,Shark Aero s.r.o,2024,125,600.00,19.03.2024,Fly
LN-WWW,Sportsman GS-2,Glasair Aviation LLC,2007,7137,1066.00,12.02.2019,Fly
LN-XAX,Falcon 7X,Dassault Aviation,2019,456,33112.00,16.10.2019,Fly
LN-XDP,Christen Eagle II,Tommy Nilsson,1981,0020-38,689.00,25.04.2008,Fly
LN-XIO,RV-4,"Van`s Aircraft, inc.",1989,432-403,680.00,06.07.2007,Fly
LN-XKY,Neico Aviation Inc. Lancair 235,Rolf Larsson,1991,102-590,655.00,11.11.2014,Fly
LN-XOT,Lancair 320,Lancair Aerospace ,1995,53-752,765.00,13.09.2011,Fly
LN-XTR,EA 300,Extra Flugzeugproduktions- und Vertriebs GmbH,1998,066,950.00,21.12.2007,Fly
LN-XXA,T206H,Textron Aviation Inc.,2001,T20608316,1720.00,03.10.2017,Fly
LN-XXD,8KCAB,American Champion Aircraft Corporation,2014,1154-2015,885.00,29.05.2017,Fly
LN-AAB,PA-18A-150,"Piper Aircraft, Inc.",,18-6458,794.00,05.09.2019,Fly
LN-AAC,PA-28-180,"Piper Aircraft, Inc.",1973,28-7305486,1112.00,04.02.2003,Fly
LN-AAE,175C,Textron Aviation Inc.,1962,175-57093,1111.00,02.03.1999,Fly
LN-AAG,PA-34-220T,"Piper Aircraft, Inc.",1995,3448070,1999.00,14.03.2000,Fly
LN-AAI,TU206G,Textron Aviation Inc.,1985,U206-06863,1633.00,08.06.2000,Fly
LN-AAK,Aviat Husky A-1A,Sky International Inc.,1999,1458,943.00,29.10.1999,Fly
LN-AAN,Glastar GS-1,Stoddard-Hamilton Aircraft Inc.,2003,5384,889.00,15.04.2015,Fly
LN-AAR,RV-4,"Van`s Aircraft, inc.",2012,1486,680.00,04.05.2012,Fly
LN-AAS,91A,SAAB-Scania AB,1947,91-128,1000.00,27.11.2003,Fly
LN-AAV,J3C-65,"Piper Aircraft, Inc.",1943,11615,553.00,23.08.2006,Fly
LN-AAX,RV-4,"Van`s Aircraft, inc.",2005,4041,680.00,23.08.2006,Fly
